{"stats":{"minecraft:broken":{"minecraft:iron_axe":2,"minecraft:wooden_axe":2},"minecraft:killed":{"minecraft:zombie_villager":1,"minecraft:spider":2,"minecraft:skeleton":9,"minecraft:pillager":2,"minecraft:zombie":12,"alexsmobs:fly":1,"minecraft:cow":1},"minecraft:dropped":{"alexsmobs:maggot":2,"minecraft:wheat_seeds":3,"minecraft:oak_log":24,"minecraft:wheat":25,"minecraft:oak_planks":248,"minecraft:melon_slice":2},"minecraft:crafted":{"minecraft:oak_door":3,"minecraft:oak_planks":864,"minecraft:cooked_porkchop":1,"minecraft:crafting_table":4,"minecraft:spruce_planks":20,"minecraft:wooden_pickaxe":1,"immersive_armors:wooden_leggings":1,"minecraft:oak_wood":3,"minecraft:bread":7,"minecraft:air":0,"minecraft:glass_pane":144,"immersive_armors:wooden_chestplate":1,"immersive_armors:wooden_boots":1,"minecraft:oak_fence_gate":1,"minecraft:glass":64,"minecraft:iron_axe":3,"minecraft:spruce_wood":3,"minecraft:stick":40,"minecraft:wooden_axe":2,"minecraft:stone_pickaxe":1,"minecraft:oak_stairs":4,"minecraft:chest":1,"minecraft:white_bed":2,"immersive_armors:wooden_helmet":1,"minecraft:acacia_planks":60,"minecraft:torch":60,"minecraft:stone_hoe":1,"minecraft:oak_fence":18,"minecraft:wheat":36},"minecraft:picked_up":{"minecraft:stripped_oak_log":11,"minecraft:crafting_table":4,"minecraft:wheat":47,"minecraft:leather":2,"alexsmobs:acacia_blossom":6,"minecraft:oak_stairs":3,"minecraft:oak_log":347,"minecraft:string":2,"minecraft:dirt":393,"minecraft:white_banner":1,"minecraft:bone":5,"minecraft:acacia_planks":45,"minecraft:apple":16,"minecraft:bow":1,"minecraft:wheat_seeds":151,"minecraft:beef":2,"minecraft:bucket":2,"minecraft:spruce_wood":2,"minecraft:oak_fence_gate":1,"minecraft:iron_ingot":4,"minecraft:poppy":2,"biomesoplenty:wildflower":1,"minecraft:melon_slice":30,"minecraft:sugar_cane":13,"minecraft:acacia_sapling":16,"minecraft:oak_planks":163,"minecraft:egg":1,"minecraft:furnace":1,"minecraft:stick":104,"minecraft:raw_iron":10,"minecraft:oak_door":7,"minecraft:oak_fence":1,"minecraft:torch":1,"minecraft:acacia_log":35,"minecraft:spruce_log":9,"minecraft:spider_eye":1,"minecraft:arrow":11,"minecraft:rotten_flesh":15,"minecraft:shears":1,"minecraft:hay_block":5,"minecraft:crossbow":1,"alexsmobs:maggot":4,"minecraft:oak_sapling":139,"minecraft:coal":11,"minecraft:white_wool":16,"minecraft:cobblestone":32},"minecraft:used":{"minecraft:oak_fence":19,"minecraft:wheat_seeds":96,"minecraft:water_bucket":12,"minecraft:stone_pickaxe":47,"minecraft:oak_planks":690,"minecraft:chest":1,"minecraft:spruce_planks":2,"minecraft:wooden_pickaxe":14,"minecraft:stone_hoe":56,"minecraft:oak_door":10,"minecraft:torch":35,"minecraft:dirt":250,"minecraft:crafting_table":6,"minecraft:white_bed":2,"minecraft:oak_wood":1,"minecraft:acacia_sapling":6,"minecraft:oak_fence_gate":2,"minecraft:glass":8,"minecraft:oak_log":203,"minecraft:wooden_axe":103,"minecraft:apple":14,"minecraft:iron_axe":668,"minecraft:spruce_wood":2,"minecraft:oak_stairs":5,"minecraft:bread":11,"minecraft:melon_slice":28,"minecraft:hay_block":1,"minecraft:oak_sapling":58,"minecraft:cooked_porkchop":1,"minecraft:bucket":12,"minecraft:glass_pane":99,"alexsmobs:animal_dictionary":12,"minecraft:stripped_oak_log":2,"minecraft:acacia_planks":50},"minecraft:killed_by":{"mutantmonsters:mutant_zombie":2,"minecraft:zombie":2},"minecraft:mined":{"minecraft:acacia_leaves":2,"minecraft:glass_pane":1,"minecraft:oak_door":7,"biomesoplenty:wildflower":1,"biomesoplenty:desert_grass":25,"minecraft:oak_fence":1,"minecraft:crafting_table":4,"minecraft:acacia_log":35,"minecraft:grass_block":365,"minecraft:melon":5,"minecraft:tall_grass":28,"minecraft:spruce_leaves":1,"minecraft:sugar_cane":9,"minecraft:oak_planks":181,"minecraft:hay_block":5,"minecraft:furnace":1,"minecraft:iron_ore":10,"minecraft:wheat":49,"minecraft:spruce_log":9,"minecraft:grass":139,"minecraft:oak_log":347,"minecraft:coal_ore":11,"minecraft:oak_fence_gate":1,"minecraft:oak_stairs":3,"minecraft:dirt":33,"minecraft:stripped_oak_log":11,"minecraft:spruce_wood":2,"minecraft:acacia_planks":45,"minecraft:stone":33,"minecraft:oak_leaves":114},"minecraft:custom":{"minecraft:interact_with_furnace":17,"minecraft:mob_kills":28,"minecraft:animals_bred":9,"minecraft:interact_with_crafting_table":46,"minecraft:leave_game":1,"minecraft:time_since_death":126014,"minecraft:sleep_in_bed":13,"minecraft:time_since_rest":7986,"minecraft:sprint_one_cm":450445,"minecraft:damage_taken":2163,"minecraft:walk_one_cm":1281475,"minecraft:drop":10,"minecraft:damage_dealt":5357,"minecraft:talked_to_villager":2,"minecraft:fly_one_cm":213758,"minecraft:open_chest":38,"minecraft:crouch_one_cm":23621,"minecraft:play_time":220370,"minecraft:deaths":4,"minecraft:sneak_time":5293,"minecraft:walk_under_water_one_cm":1566,"minecraft:interact_with_brewingstand":2,"minecraft:jump":2294,"minecraft:walk_on_water_one_cm":4417,"minecraft:total_world_time":220370,"minecraft:interact_with_smoker":1,"minecraft:fall_one_cm":39959}},"DataVersion":3465}