{"stats":{"minecraft:broken":{"minecraft:iron_axe":3,"minecraft:wooden_axe":2},"minecraft:killed":{"minecraft:spider":4,"minecraft:vindicator":2,"minecraft:skeleton":10,"minecraft:zombie_villager":1,"minecraft:sheep":5,"minecraft:pillager":4,"minecraft:zombie":12,"alexsmobs:gazelle":1,"alexsmobs:fly":1,"minecraft:cow":6},"minecraft:dropped":{"minecraft:wheat_seeds":3,"minecraft:oak_log":24,"minecraft:leather":4,"minecraft:cod":4,"minecraft:melon_slice":2,"minecraft:oak_stairs":2,"alexsmobs:maggot":4,"minecraft:wheat":25,"minecraft:oak_planks":248,"sophisticatedbackpacks:backpack":1,"minecraft:salmon":3},"minecraft:crafted":{"minecraft:oak_door":3,"minecraft:oak_planks":1120,"minecraft:fishing_rod":1,"minecraft:bone_meal":63,"minecraft:glass_pane":144,"immersive_armors:wooden_chestplate":1,"minecraft:glass":64,"minecraft:iron_axe":3,"minecraft:spruce_wood":3,"minecraft:stone_pickaxe":1,"minecraft:chest":3,"immersive_armors:wooden_helmet":1,"minecraft:stone_hoe":1,"minecraft:oak_fence":114,"sophisticatedbackpacks:iron_backpack":1,"minecraft:wheat":36,"minecraft:crossbow":1,"sophisticatedbackpacks:backpack":2,"minecraft:cooked_porkchop":1,"minecraft:crafting_table":4,"minecraft:spruce_planks":20,"minecraft:wooden_pickaxe":1,"minecraft:baked_potato":11,"minecraft:iron_sword":1,"immersive_armors:wooden_leggings":1,"minecraft:oak_wood":3,"minecraft:bread":23,"minecraft:air":0,"immersive_armors:wooden_boots":1,"minecraft:oak_fence_gate":7,"minecraft:stick":180,"minecraft:oak_stairs":4,"minecraft:wooden_axe":2,"minecraft:white_bed":2,"minecraft:acacia_planks":60,"minecraft:torch":60},"minecraft:picked_up":{"minecraft:iron_chestplate":1,"minecraft:crafting_table":4,"minecraft:wheat":200,"minecraft:oak_stairs":3,"minecraft:potion":1,"alexsmobs:gazelle_horn":1,"minecraft:string":5,"minecraft:red_bed":2,"minecraft:bucket":2,"minecraft:spruce_planks":2,"minecraft:beef":10,"minecraft:poppy":2,"minecraft:melon_slice":61,"biomesoplenty:wildflower":1,"minecraft:sugar_cane":13,"minecraft:furnace":1,"minecraft:egg":1,"minecraft:raw_iron":10,"minecraft:stick":104,"minecraft:oak_door":7,"minecraft:oak_fence":19,"minecraft:torch":2,"minecraft:acacia_log":35,"minecraft:arrow":13,"minecraft:rotten_flesh":15,"minecraft:shears":1,"minecraft:hay_block":5,"minecraft:mutton":5,"minecraft:bone_block":53,"minecraft:cod":7,"minecraft:cobblestone":32,"minecraft:white_wool":61,"minecraft:stripped_oak_log":11,"minecraft:salmon":3,"minecraft:leather":14,"alexsmobs:acacia_blossom":6,"minecraft:potato":70,"minecraft:oak_log":347,"minecraft:cobblestone_stairs":1,"minecraft:dirt":400,"minecraft:white_banner":3,"minecraft:bone":5,"minecraft:acacia_planks":45,"minecraft:apple":16,"minecraft:bow":1,"minecraft:wheat_seeds":486,"minecraft:spruce_wood":2,"minecraft:iron_ingot":6,"minecraft:oak_fence_gate":2,"minecraft:oak_planks":163,"minecraft:acacia_sapling":16,"minecraft:spruce_log":9,"minecraft:spider_eye":1,"minecraft:iron_helmet":1,"minecraft:crossbow":2,"minecraft:bread":7,"alexsmobs:maggot":4,"minecraft:oak_sapling":139,"minecraft:melon_seeds":2,"minecraft:coal":11},"minecraft:used":{"minecraft:oak_fence":100,"minecraft:spruce_planks":2,"minecraft:chest":1,"minecraft:stone_hoe":59,"minecraft:oak_door":10,"minecraft:torch":35,"minecraft:dirt":250,"minecraft:oak_wood":1,"minecraft:acacia_sapling":6,"minecraft:oak_fence_gate":4,"minecraft:glass":8,"minecraft:wooden_axe":103,"minecraft:spruce_wood":2,"minecraft:iron_axe":732,"minecraft:oak_stairs":5,"minecraft:melon_seeds":2,"minecraft:hay_block":1,"minecraft:oak_sapling":58,"minecraft:potato":49,"minecraft:acacia_planks":50,"immersive_armors:wooden_helmet":1,"minecraft:wheat_seeds":231,"minecraft:water_bucket":12,"minecraft:stone_pickaxe":47,"minecraft:baked_potato":3,"minecraft:oak_planks":690,"minecraft:wooden_pickaxe":14,"minecraft:crafting_table":6,"minecraft:red_bed":1,"minecraft:crossbow":1,"minecraft:white_bed":2,"minecraft:oak_log":203,"minecraft:apple":15,"minecraft:melon_slice":39,"minecraft:bread":17,"minecraft:fishing_rod":22,"minecraft:cooked_porkchop":1,"minecraft:bucket":13,"minecraft:glass_pane":99,"alexsmobs:animal_dictionary":12,"minecraft:stripped_oak_log":2,"minecraft:bone_meal":63},"minecraft:killed_by":{"mutantmonsters:mutant_zombie":2,"minecraft:zombie":2},"minecraft:custom":{"minecraft:mob_kills":46,"minecraft:animals_bred":55,"minecraft:interact_with_crafting_table":57,"minecraft:leave_game":1,"minecraft:time_since_death":210014,"minecraft:sprint_one_cm":582232,"minecraft:walk_one_cm":1721954,"minecraft:drop":16,"minecraft:talked_to_villager":2,"minecraft:play_time":304370,"minecraft:deaths":4,"minecraft:sneak_time":5309,"minecraft:walk_under_water_one_cm":1566,"minecraft:jump":3026,"minecraft:interact_with_brewingstand":3,"minecraft:walk_on_water_one_cm":11739,"minecraft:total_world_time":304370,"minecraft:interact_with_furnace":22,"minecraft:interact_with_cartography_table":1,"minecraft:raid_trigger":1,"minecraft:sleep_in_bed":18,"minecraft:time_since_rest":11286,"minecraft:damage_taken":2488,"minecraft:damage_dealt":7789,"minecraft:fly_one_cm":302314,"minecraft:open_chest":101,"minecraft:crouch_one_cm":23621,"minecraft:interact_with_smoker":1,"minecraft:fish_caught":10,"minecraft:fall_one_cm":51726},"minecraft:mined":{"minecraft:spruce_planks":2,"minecraft:oak_door":7,"biomesoplenty:desert_grass":25,"minecraft:acacia_log":37,"minecraft:grass_block":369,"minecraft:spruce_leaves":1,"minecraft:hay_block":5,"minecraft:furnace":1,"minecraft:iron_ore":10,"minecraft:potatoes":18,"minecraft:oak_stairs":3,"minecraft:stripped_oak_log":11,"minecraft:spruce_wood":2,"minecraft:stone":33,"minecraft:acacia_leaves":2,"minecraft:glass_pane":1,"minecraft:red_bed":2,"minecraft:melon_stem":1,"biomesoplenty:wildflower":1,"minecraft:oak_fence":20,"minecraft:crafting_table":4,"minecraft:melon":11,"minecraft:tall_grass":31,"minecraft:oak_planks":181,"minecraft:sugar_cane":9,"minecraft:wheat":211,"minecraft:spruce_log":9,"minecraft:grass":145,"minecraft:coal_ore":11,"minecraft:oak_log":347,"minecraft:oak_fence_gate":2,"minecraft:dirt":35,"minecraft:acacia_planks":45,"minecraft:oak_leaves":114}},"DataVersion":3465}