{"stats":{"minecraft:broken":{"minecraft:iron_axe":2,"minecraft:wooden_axe":2},"minecraft:killed":{"minecraft:spider":4,"minecraft:vindicator":2,"minecraft:skeleton":10,"minecraft:zombie_villager":1,"minecraft:sheep":2,"minecraft:pillager":4,"minecraft:zombie":12,"alexsmobs:fly":1,"minecraft:cow":1},"minecraft:dropped":{"minecraft:wheat_seeds":3,"minecraft:oak_log":24,"minecraft:melon_slice":2,"minecraft:oak_stairs":2,"alexsmobs:maggot":4,"minecraft:wheat":25,"minecraft:oak_planks":248},"minecraft:crafted":{"minecraft:oak_door":3,"minecraft:oak_planks":1120,"minecraft:fishing_rod":1,"minecraft:glass_pane":144,"immersive_armors:wooden_chestplate":1,"minecraft:glass":64,"minecraft:iron_axe":3,"minecraft:spruce_wood":3,"minecraft:stone_pickaxe":1,"minecraft:chest":1,"immersive_armors:wooden_helmet":1,"minecraft:stone_hoe":1,"minecraft:oak_fence":114,"minecraft:wheat":36,"minecraft:crossbow":1,"minecraft:cooked_porkchop":1,"minecraft:crafting_table":4,"minecraft:spruce_planks":20,"minecraft:wooden_pickaxe":1,"immersive_armors:wooden_leggings":1,"minecraft:oak_wood":3,"minecraft:bread":7,"minecraft:air":0,"immersive_armors:wooden_boots":1,"minecraft:oak_fence_gate":7,"minecraft:stick":180,"minecraft:oak_stairs":4,"minecraft:wooden_axe":2,"minecraft:white_bed":2,"minecraft:acacia_planks":60,"minecraft:torch":60},"minecraft:picked_up":{"minecraft:crafting_table":4,"minecraft:wheat":148,"minecraft:oak_stairs":3,"minecraft:string":3,"minecraft:red_bed":1,"minecraft:bucket":2,"minecraft:spruce_planks":2,"minecraft:beef":2,"minecraft:poppy":2,"minecraft:melon_slice":61,"biomesoplenty:wildflower":1,"minecraft:sugar_cane":13,"minecraft:furnace":1,"minecraft:egg":1,"minecraft:raw_iron":10,"minecraft:stick":104,"minecraft:oak_door":7,"minecraft:oak_fence":18,"minecraft:torch":2,"minecraft:acacia_log":35,"minecraft:arrow":13,"minecraft:rotten_flesh":15,"minecraft:shears":1,"minecraft:hay_block":5,"minecraft:cobblestone":32,"minecraft:white_wool":18,"minecraft:stripped_oak_log":11,"minecraft:leather":2,"alexsmobs:acacia_blossom":6,"minecraft:oak_log":347,"minecraft:dirt":400,"minecraft:white_banner":3,"minecraft:bone":5,"minecraft:acacia_planks":45,"minecraft:apple":16,"minecraft:bow":1,"minecraft:wheat_seeds":343,"minecraft:spruce_wood":2,"minecraft:iron_ingot":4,"minecraft:oak_fence_gate":2,"minecraft:oak_planks":163,"minecraft:acacia_sapling":16,"minecraft:spruce_log":9,"minecraft:spider_eye":1,"minecraft:crossbow":2,"minecraft:bread":7,"alexsmobs:maggot":4,"minecraft:oak_sapling":139,"minecraft:melon_seeds":2,"minecraft:coal":11},"minecraft:used":{"minecraft:oak_fence":89,"minecraft:spruce_planks":2,"minecraft:chest":1,"minecraft:stone_hoe":56,"minecraft:oak_door":10,"minecraft:torch":35,"minecraft:dirt":250,"minecraft:oak_wood":1,"minecraft:acacia_sapling":6,"minecraft:oak_fence_gate":4,"minecraft:glass":8,"minecraft:wooden_axe":103,"minecraft:spruce_wood":2,"minecraft:iron_axe":715,"minecraft:oak_stairs":5,"minecraft:hay_block":1,"minecraft:oak_sapling":58,"minecraft:acacia_planks":50,"minecraft:wheat_seeds":200,"minecraft:water_bucket":12,"minecraft:stone_pickaxe":47,"minecraft:oak_planks":690,"minecraft:wooden_pickaxe":14,"minecraft:crafting_table":6,"minecraft:crossbow":1,"minecraft:white_bed":2,"minecraft:oak_log":203,"minecraft:apple":15,"minecraft:melon_slice":39,"minecraft:bread":17,"minecraft:cooked_porkchop":1,"minecraft:bucket":12,"minecraft:glass_pane":99,"alexsmobs:animal_dictionary":12,"minecraft:stripped_oak_log":2},"minecraft:killed_by":{"mutantmonsters:mutant_zombie":2,"minecraft:zombie":2},"minecraft:custom":{"minecraft:mob_kills":37,"minecraft:animals_bred":22,"minecraft:interact_with_crafting_table":49,"minecraft:leave_game":1,"minecraft:time_since_death":162014,"minecraft:sprint_one_cm":554962,"minecraft:walk_one_cm":1474498,"minecraft:drop":12,"minecraft:talked_to_villager":2,"minecraft:play_time":256370,"minecraft:deaths":4,"minecraft:sneak_time":5307,"minecraft:walk_under_water_one_cm":1566,"minecraft:jump":2734,"minecraft:interact_with_brewingstand":3,"minecraft:walk_on_water_one_cm":10840,"minecraft:total_world_time":256370,"minecraft:interact_with_furnace":18,"minecraft:interact_with_cartography_table":1,"minecraft:raid_trigger":1,"minecraft:sleep_in_bed":15,"minecraft:time_since_rest":8194,"minecraft:damage_taken":2488,"minecraft:damage_dealt":6987,"minecraft:fly_one_cm":278142,"minecraft:open_chest":51,"minecraft:crouch_one_cm":23621,"minecraft:interact_with_smoker":1,"minecraft:fall_one_cm":48206},"minecraft:mined":{"minecraft:spruce_planks":2,"minecraft:oak_door":7,"biomesoplenty:desert_grass":25,"minecraft:acacia_log":37,"minecraft:grass_block":369,"minecraft:spruce_leaves":1,"minecraft:hay_block":5,"minecraft:furnace":1,"minecraft:iron_ore":10,"minecraft:oak_stairs":3,"minecraft:stripped_oak_log":11,"minecraft:spruce_wood":2,"minecraft:stone":33,"minecraft:acacia_leaves":2,"minecraft:glass_pane":1,"minecraft:red_bed":1,"minecraft:melon_stem":1,"biomesoplenty:wildflower":1,"minecraft:oak_fence":19,"minecraft:crafting_table":4,"minecraft:melon":11,"minecraft:tall_grass":30,"minecraft:oak_planks":181,"minecraft:sugar_cane":9,"minecraft:wheat":154,"minecraft:spruce_log":9,"minecraft:grass":144,"minecraft:coal_ore":11,"minecraft:oak_log":347,"minecraft:oak_fence_gate":2,"minecraft:dirt":35,"minecraft:acacia_planks":45,"minecraft:oak_leaves":114}},"DataVersion":3465}