{"stats":{"minecraft:broken":{"minecraft:iron_axe":1,"minecraft:wooden_axe":2},"minecraft:killed":{"minecraft:zombie_villager":1,"minecraft:skeleton":3,"minecraft:zombie":8},"minecraft:dropped":{"minecraft:wheat":25,"minecraft:oak_planks":248,"minecraft:melon_slice":2},"minecraft:crafted":{"minecraft:oak_door":3,"minecraft:oak_planks":796,"minecraft:cooked_porkchop":1,"minecraft:crafting_table":3,"minecraft:spruce_planks":20,"minecraft:wooden_pickaxe":1,"minecraft:bread":7,"minecraft:air":0,"minecraft:oak_fence_gate":1,"minecraft:iron_axe":1,"minecraft:spruce_wood":3,"minecraft:stick":40,"minecraft:wooden_axe":2,"minecraft:stone_pickaxe":1,"minecraft:oak_stairs":4,"minecraft:chest":1,"minecraft:white_bed":2,"minecraft:acacia_planks":60,"minecraft:stone_hoe":1,"minecraft:oak_fence":18,"minecraft:wheat":36},"minecraft:picked_up":{"minecraft:stripped_oak_log":11,"minecraft:crafting_table":4,"minecraft:wheat":47,"alexsmobs:acacia_blossom":6,"minecraft:oak_stairs":3,"minecraft:oak_log":223,"minecraft:dirt":386,"minecraft:bone":3,"minecraft:acacia_planks":4,"minecraft:apple":9,"minecraft:wheat_seeds":151,"minecraft:bucket":2,"minecraft:spruce_wood":1,"minecraft:oak_fence_gate":1,"minecraft:iron_ingot":4,"minecraft:poppy":2,"biomesoplenty:wildflower":1,"minecraft:melon_slice":30,"minecraft:sugar_cane":13,"minecraft:acacia_sapling":16,"minecraft:oak_planks":32,"minecraft:egg":1,"minecraft:furnace":1,"minecraft:stick":81,"minecraft:raw_iron":10,"minecraft:oak_fence":1,"minecraft:acacia_log":35,"minecraft:spruce_log":9,"minecraft:arrow":4,"minecraft:rotten_flesh":12,"minecraft:shears":1,"minecraft:hay_block":5,"minecraft:oak_sapling":90,"minecraft:coal":11,"minecraft:white_wool":8,"minecraft:cobblestone":32},"minecraft:used":{"minecraft:oak_fence":19,"minecraft:wheat_seeds":96,"minecraft:water_bucket":12,"minecraft:stone_pickaxe":47,"minecraft:oak_planks":300,"minecraft:chest":1,"minecraft:spruce_planks":2,"minecraft:wooden_pickaxe":14,"minecraft:stone_hoe":56,"minecraft:oak_door":2,"minecraft:dirt":250,"minecraft:crafting_table":5,"minecraft:white_bed":2,"minecraft:acacia_sapling":6,"minecraft:oak_fence_gate":2,"minecraft:oak_log":131,"minecraft:wooden_axe":103,"minecraft:apple":1,"minecraft:iron_axe":284,"minecraft:spruce_wood":1,"minecraft:oak_stairs":5,"minecraft:bread":7,"minecraft:melon_slice":28,"minecraft:hay_block":1,"minecraft:oak_sapling":58,"minecraft:cooked_porkchop":1,"minecraft:bucket":12,"alexsmobs:animal_dictionary":12,"minecraft:stripped_oak_log":2,"minecraft:acacia_planks":50},"minecraft:killed_by":{"mutantmonsters:mutant_zombie":2,"minecraft:zombie":2},"minecraft:mined":{"minecraft:acacia_leaves":2,"biomesoplenty:wildflower":1,"biomesoplenty:desert_grass":24,"minecraft:oak_fence":1,"minecraft:crafting_table":4,"minecraft:acacia_log":35,"minecraft:grass_block":365,"minecraft:melon":5,"minecraft:tall_grass":27,"minecraft:spruce_leaves":1,"minecraft:sugar_cane":9,"minecraft:oak_planks":33,"minecraft:hay_block":5,"minecraft:furnace":1,"minecraft:iron_ore":10,"minecraft:wheat":49,"minecraft:spruce_log":9,"minecraft:grass":134,"minecraft:oak_log":223,"minecraft:coal_ore":11,"minecraft:oak_fence_gate":1,"minecraft:oak_stairs":3,"minecraft:dirt":27,"minecraft:stripped_oak_log":11,"minecraft:spruce_wood":1,"minecraft:acacia_planks":4,"minecraft:stone":33,"minecraft:oak_leaves":86},"minecraft:custom":{"minecraft:interact_with_furnace":7,"minecraft:mob_kills":12,"minecraft:animals_bred":5,"minecraft:interact_with_crafting_table":32,"minecraft:leave_game":1,"minecraft:time_since_death":66014,"minecraft:sleep_in_bed":9,"minecraft:time_since_rest":10620,"minecraft:sprint_one_cm":320795,"minecraft:damage_taken":1660,"minecraft:walk_one_cm":914082,"minecraft:drop":7,"minecraft:damage_dealt":2445,"minecraft:talked_to_villager":2,"minecraft:fly_one_cm":181687,"minecraft:open_chest":19,"minecraft:crouch_one_cm":6688,"minecraft:play_time":160370,"minecraft:deaths":4,"minecraft:sneak_time":1847,"minecraft:walk_under_water_one_cm":1566,"minecraft:interact_with_brewingstand":2,"minecraft:jump":1884,"minecraft:walk_on_water_one_cm":4417,"minecraft:total_world_time":160370,"minecraft:interact_with_smoker":1,"minecraft:fall_one_cm":35246}},"DataVersion":3465}