{"stats":{"minecraft:broken":{"immersive_armors:wooden_leggings":1,"minecraft:iron_shovel":1,"vanillaplustools:iron_hammer":2,"immersive_armors:wooden_boots":1,"minecraft:wooden_pickaxe":1,"minecraft:stone_pickaxe":1,"minecraft:iron_axe":3,"minecraft:iron_sword":1,"minecraft:iron_pickaxe":2,"minecraft:wooden_axe":2},"minecraft:killed":{"minecraft:cave_spider":6,"minecraft:witch":1,"minecraft:spider":9,"minecraft:vindicator":2,"minecraft:slime":10,"minecraft:skeleton":28,"alexsmobs:skreecher":4,"minecraft:zombie_villager":1,"minecraft:sheep":24,"minecraft:pillager":4,"minecraft:zombie":36,"alexsmobs:cockroach":1,"alexsmobs:gazelle":1,"alexsmobs:fly":1,"minecraft:glow_squid":1,"creeperoverhaul:savannah_creeper":1,"minecraft:cow":15},"minecraft:dropped":{"minecraft:wheat_seeds":3,"minecraft:oak_log":24,"minecraft:leather":4,"minecraft:granite":3,"minecraft:coal":25,"minecraft:cobblestone_stairs":20,"sophisticatedbackpacks:gold_backpack":1,"minecraft:cod":4,"minecraft:melon_slice":2,"minecraft:oak_stairs":2,"minecraft:iron_pickaxe":2,"vanillaplustools:iron_hammer":2,"alexsmobs:maggot":4,"minecraft:cobbled_deepslate":131,"minecraft:wheat":25,"minecraft:oak_planks":248,"sophisticatedbackpacks:backpack":1,"minecraft:salmon":3,"minecraft:shield":1,"mutantmonsters:mutant_skeleton_skull":1},"minecraft:crafted":{"minecraft:oak_door":3,"minecraft:oak_planks":1140,"minecraft:fishing_rod":1,"minecraft:furnace":1,"minecraft:bone_meal":63,"minecraft:glass_pane":144,"immersive_armors:wooden_chestplate":1,"minecraft:glass":70,"vanillaplustools:iron_hammer":4,"minecraft:bow":1,"minecraft:polished_deepslate":56,"minecraft:iron_axe":4,"minecraft:spruce_wood":3,"minecraft:stone_pickaxe":1,"minecraft:chest":3,"minecraft:cobbled_deepslate_stairs":196,"immersive_armors:wooden_helmet":2,"minecraft:stone_hoe":1,"minecraft:oak_fence":114,"sophisticatedbackpacks:iron_backpack":1,"minecraft:wheat":36,"minecraft:cooked_beef":10,"minecraft:deepslate":72,"minecraft:crossbow":1,"minecraft:cauldron":3,"sophisticatedbackpacks:backpack":2,"minecraft:cooked_porkchop":1,"minecraft:crafting_table":6,"minecraft:spruce_planks":20,"minecraft:wooden_pickaxe":1,"minecraft:baked_potato":36,"minecraft:iron_sword":1,"immersive_armors:wooden_leggings":2,"sophisticatedbackpacks:gold_backpack":1,"minecraft:oak_wood":3,"minecraft:bread":23,"minecraft:air":0,"immersive_armors:wooden_boots":2,"minecraft:oak_fence_gate":7,"minecraft:shield":2,"minecraft:stick":264,"minecraft:iron_ingot":177,"minecraft:iron_pickaxe":40,"minecraft:wooden_axe":2,"minecraft:oak_stairs":4,"minecraft:iron_shovel":1,"minecraft:gold_ingot":12,"minecraft:white_bed":2,"minecraft:torch":268,"minecraft:acacia_planks":60},"minecraft:picked_up":{"sophisticatedbackpacks:gold_backpack":1,"minecraft:coarse_dirt":12,"minecraft:crafting_table":4,"minecraft:iron_chestplate":1,"minecraft:wheat":283,"minecraft:oak_stairs":3,"minecraft:potion":1,"minecraft:brewing_stand":1,"minecraft:polished_deepslate":1,"alexsmobs:gazelle_horn":1,"mutantmonsters:mutant_skeleton_skull":3,"minecraft:string":34,"minecraft:red_bed":3,"minecraft:raw_copper":6,"minecraft:iron_shovel":1,"minecraft:red_sand":1,"minecraft:cartography_table":1,"minecraft:cobbled_deepslate":2865,"minecraft:bucket":2,"minecraft:spruce_planks":2,"minecraft:beef":27,"minecraft:rose_bush":7,"minecraft:poppy":2,"minecraft:iron_pickaxe":1,"minecraft:melon_slice":61,"biomesoplenty:wildflower":5,"minecraft:sugar_cane":74,"minecraft:furnace":1,"minecraft:egg":1,"minecraft:stick":110,"minecraft:raw_iron":137,"minecraft:oak_door":7,"sophisticatedbackpacks:crafting_upgrade":1,"minecraft:oak_fence":19,"minecraft:torch":28,"minecraft:acacia_log":35,"minecraft:pointed_dripstone":91,"minecraft:diorite":1,"minecraft:redstone":327,"minecraft:cactus":2,"minecraft:arrow":26,"minecraft:rotten_flesh":38,"minecraft:shears":1,"minecraft:hay_block":5,"minecraft:mutton":35,"minecraft:bone_block":53,"minecraft:cod":7,"minecraft:white_wool":80,"minecraft:cobblestone":323,"minecraft:stripped_oak_log":11,"minecraft:glow_ink_sac":5,"minecraft:andesite":24,"minecraft:salmon":3,"minecraft:leather":27,"alexsmobs:acacia_blossom":6,"alexsmobs:skreecher_soul":3,"minecraft:potato":148,"minecraft:flint":1,"minecraft:tuff":201,"minecraft:oak_log":364,"minecraft:cobbled_deepslate_stairs":15,"minecraft:gunpowder":1,"minecraft:cobblestone_stairs":41,"minecraft:lapis_lazuli":219,"minecraft:dirt":886,"minecraft:white_banner":3,"minecraft:bone":19,"minecraft:acacia_planks":45,"minecraft:apple":17,"minecraft:bow":4,"minecraft:wheat_seeds":715,"minecraft:raw_gold":31,"minecraft:spruce_wood":2,"minecraft:iron_ingot":6,"minecraft:oak_fence_gate":2,"minecraft:oak_planks":172,"minecraft:acacia_sapling":16,"biomesoplenty:toadstool":2,"minecraft:dripstone_block":10,"minecraft:dandelion":1,"minecraft:poisonous_potato":1,"minecraft:gravel":14,"minecraft:spruce_log":9,"minecraft:spider_eye":5,"minecraft:slime_ball":8,"minecraft:diamond":16,"minecraft:iron_helmet":1,"minecraft:crossbow":2,"minecraft:granite":11,"minecraft:bread":7,"alexsmobs:maggot":4,"minecraft:oak_sapling":145,"minecraft:melon_seeds":3,"minecraft:coal":163},"minecraft:used":{"minecraft:oak_fence":100,"minecraft:polished_deepslate":8,"minecraft:iron_shovel":261,"minecraft:chest":1,"minecraft:spruce_planks":2,"minecraft:iron_sword":230,"minecraft:stone_hoe":59,"minecraft:oak_door":10,"minecraft:torch":263,"minecraft:brewing_stand":1,"minecraft:dirt":593,"minecraft:oak_wood":1,"minecraft:acacia_sapling":6,"minecraft:oak_fence_gate":4,"minecraft:glass":8,"minecraft:wooden_axe":103,"minecraft:lava_bucket":2,"minecraft:spruce_wood":2,"minecraft:iron_axe":814,"minecraft:oak_stairs":5,"minecraft:melon_seeds":2,"minecraft:bow":7,"minecraft:hay_block":1,"minecraft:oak_sapling":58,"minecraft:furnace":2,"minecraft:potato":83,"minecraft:cobbled_deepslate":51,"minecraft:acacia_planks":50,"minecraft:pointed_dripstone":7,"immersive_armors:wooden_helmet":1,"minecraft:wheat_seeds":315,"minecraft:water_bucket":21,"minecraft:cobblestone_stairs":20,"minecraft:glass_bottle":3,"minecraft:cartography_table":1,"minecraft:baked_potato":33,"minecraft:oak_planks":709,"minecraft:stone_pickaxe":140,"minecraft:cauldron":3,"minecraft:wooden_pickaxe":59,"minecraft:sugar_cane":67,"minecraft:crafting_table":8,"minecraft:red_bed":3,"minecraft:crossbow":5,"minecraft:white_bed":2,"minecraft:dripstone_block":1,"mutantmonsters:mutant_skeleton_skull":1,"minecraft:cobbled_deepslate_stairs":173,"minecraft:oak_log":203,"minecraft:apple":16,"minecraft:melon_slice":59,"minecraft:bread":30,"minecraft:iron_pickaxe":795,"minecraft:fishing_rod":22,"minecraft:cobblestone":32,"vanillaplustools:iron_hammer":500,"minecraft:cooked_porkchop":1,"minecraft:andesite":12,"minecraft:bucket":24,"minecraft:glass_pane":99,"alexsmobs:animal_dictionary":12,"minecraft:stripped_oak_log":2,"minecraft:bone_meal":63},"minecraft:killed_by":{"mutantmonsters:mutant_zombie":2,"minecraft:warden":2,"minecraft:zombie":2},"minecraft:custom":{"minecraft:mob_kills":146,"minecraft:animals_bred":71,"minecraft:interact_with_crafting_table":100,"minecraft:damage_dealt_resisted":140,"minecraft:leave_game":3,"minecraft:time_since_death":241240,"minecraft:climb_one_cm":98,"minecraft:sprint_one_cm":1041456,"minecraft:walk_one_cm":2805998,"minecraft:drop":29,"minecraft:talked_to_villager":2,"minecraft:play_time":559937,"minecraft:deaths":6,"minecraft:sneak_time":9972,"minecraft:walk_under_water_one_cm":14869,"minecraft:interact_with_brewingstand":6,"minecraft:jump":5527,"minecraft:walk_on_water_one_cm":34236,"minecraft:total_world_time":559937,"minecraft:interact_with_furnace":129,"minecraft:interact_with_cartography_table":2,"minecraft:raid_trigger":1,"minecraft:sleep_in_bed":23,"minecraft:time_since_rest":49538,"minecraft:damage_taken":5122,"minecraft:damage_dealt":21756,"minecraft:swim_one_cm":13103,"minecraft:fly_one_cm":559406,"minecraft:open_chest":197,"minecraft:crouch_one_cm":37626,"minecraft:use_cauldron":1,"minecraft:fish_caught":10,"minecraft:interact_with_smoker":1,"minecraft:fall_one_cm":94467},"minecraft:mined":{"minecraft:tuff":317,"minecraft:spruce_planks":2,"minecraft:cobbled_deepslate_stairs":15,"minecraft:oak_door":7,"minecraft:deepslate_diamond_ore":16,"minecraft:sculk_vein":7,"biomesoplenty:desert_grass":28,"minecraft:brewing_stand":1,"minecraft:granite":8,"minecraft:red_sand":1,"minecraft:acacia_log":37,"minecraft:grass_block":666,"minecraft:spruce_leaves":1,"minecraft:cartography_table":1,"minecraft:hay_block":5,"minecraft:redstone_ore":3,"minecraft:furnace":1,"biomesoplenty:toadstool":2,"minecraft:iron_ore":77,"minecraft:andesite":26,"minecraft:deepslate_lapis_ore":25,"minecraft:polished_deepslate":1,"minecraft:pointed_dripstone":66,"minecraft:potatoes":45,"minecraft:deepslate_iron_ore":57,"biomesoplenty:webbing":9,"minecraft:oak_stairs":3,"minecraft:stripped_oak_log":11,"minecraft:spruce_wood":2,"minecraft:stone":225,"biomesoplenty:spider_egg":3,"minecraft:deepslate_redstone_ore":73,"minecraft:acacia_leaves":2,"minecraft:glass_pane":1,"minecraft:red_bed":3,"minecraft:melon_stem":1,"biomesoplenty:wildflower":2,"minecraft:dandelion":1,"minecraft:oak_fence":20,"minecraft:crafting_table":4,"minecraft:torch":8,"minecraft:melon":11,"minecraft:rose_bush":8,"minecraft:copper_ore":2,"minecraft:tall_grass":31,"minecraft:cobblestone":7,"minecraft:deepslate_coal_ore":9,"minecraft:deepslate_gold_ore":30,"minecraft:lapis_ore":9,"minecraft:oak_planks":190,"minecraft:sugar_cane":36,"minecraft:sculk":3,"minecraft:diorite":1,"minecraft:wall_torch":10,"minecraft:cactus":2,"mutantmonsters:mutant_skeleton_skull":1,"minecraft:wheat":295,"minecraft:spruce_log":9,"minecraft:grass":168,"minecraft:oak_log":353,"minecraft:coal_ore":155,"minecraft:oak_fence_gate":2,"minecraft:dripstone_block":10,"minecraft:gravel":10,"minecraft:dirt":200,"minecraft:cobweb":20,"biomesoplenty:stringy_cobweb":2,"minecraft:acacia_planks":45,"minecraft:gold_ore":1,"minecraft:oak_leaves":165,"minecraft:deepslate":4306}},"DataVersion":3465}