{"stats":{"minecraft:custom":{"minecraft:animals_bred":145,"minecraft:interact_with_crafting_table":111,"minecraft:open_barrel":1,"minecraft:leave_game":8,"minecraft:time_since_death":15530,"minecraft:sprint_one_cm":2514645,"minecraft:damage_blocked_by_shield":2300,"minecraft:drop":58,"minecraft:talked_to_villager":93,"minecraft:play_time":1100904,"minecraft:deaths":12,"minecraft:jump":13157,"minecraft:interact_with_brewingstand":16,"minecraft:walk_on_water_one_cm":56192,"minecraft:interact_with_furnace":208,"minecraft:traded_with_villager":23,"minecraft:interact_with_cartography_table":5,"minecraft:sleep_in_bed":48,"minecraft:damage_dealt":36925,"minecraft:crouch_one_cm":88960,"minecraft:interact_with_smoker":2,"minecraft:use_cauldron":8,"minecraft:inspect_dispenser":3,"minecraft:horse_one_cm":906692,"minecraft:mob_kills":249,"minecraft:fill_cauldron":2,"minecraft:damage_dealt_resisted":753,"minecraft:climb_one_cm":855,"minecraft:walk_one_cm":4814094,"minecraft:damage_dealt_absorbed":119,"minecraft:sneak_time":29611,"minecraft:walk_under_water_one_cm":33107,"minecraft:total_world_time":1100904,"minecraft:raid_trigger":1,"minecraft:time_since_rest":1307,"minecraft:damage_taken":11250,"minecraft:swim_one_cm":32493,"minecraft:fly_one_cm":1715298,"minecraft:open_chest":525,"minecraft:fish_caught":13,"minecraft:fall_one_cm":243963},"minecraft:used":{"minecraft:iron_shovel":261,"minecraft:polished_deepslate":8,"minecraft:chest":5,"minecraft:shield":61,"minecraft:iron_sword":230,"minecraft:carrot":87,"minecraft:acacia_sapling":6,"minecraft:obsidian":10,"minecraft:milk_bucket":1,"minecraft:glass":8,"minecraft:lava_bucket":6,"minecraft:spruce_wood":2,"minecraft:bow":8,"minecraft:hay_block":1,"minecraft:oak_sapling":71,"minecraft:furnace":3,"minecraft:potato":93,"immersive_armors:wooden_helmet":1,"minecraft:golden_boots":1,"minecraft:stone_pickaxe":140,"minecraft:oak_planks":739,"minecraft:wooden_pickaxe":59,"minecraft:sugar_cane":180,"minecraft:sand":2,"minecraft:crossbow":5,"minecraft:dripstone_block":1,"minecraft:cobbled_deepslate_stairs":173,"mutantmonsters:mutant_skeleton_skull":1,"minecraft:melon_slice":59,"minecraft:bread":41,"minecraft:lectern":41,"minecraft:diamond_sword":279,"minecraft:andesite":12,"minecraft:bone_meal":118,"minecraft:oak_fence":100,"minecraft:flint_and_steel":1,"minecraft:redstone":3,"minecraft:spruce_planks":2,"minecraft:stone_hoe":85,"minecraft:netherrack":320,"minecraft:oak_door":10,"minecraft:torch":367,"minecraft:brewing_stand":2,"minecraft:dirt":752,"minecraft:oak_wood":1,"minecraft:oak_fence_gate":4,"minecraft:wooden_axe":103,"minecraft:iron_axe":921,"minecraft:oak_stairs":5,"minecraft:melon_seeds":2,"minecraft:cobbled_deepslate":230,"minecraft:acacia_planks":50,"minecraft:pointed_dripstone":7,"minecraft:golden_axe":16,"sophisticatedbackpacks:gold_backpack":1,"minecraft:wheat_seeds":470,"minecraft:cooked_mutton":30,"minecraft:water_bucket":50,"minecraft:cobblestone_stairs":20,"minecraft:glass_bottle":3,"minecraft:baked_potato":109,"minecraft:cartography_table":1,"minecraft:cut_sandstone":16,"minecraft:brown_mushroom":2,"minecraft:cauldron":3,"minecraft:crafting_table":8,"minecraft:red_bed":3,"minecraft:white_bed":10,"minecraft:spruce_log":1,"minecraft:oak_log":203,"minecraft:diamond_pickaxe":1134,"minecraft:apple":16,"minecraft:iron_pickaxe":1255,"minecraft:stone_axe":229,"immersive_armors:wooden_boots":1,"minecraft:fishing_rod":32,"minecraft:cobblestone":105,"vanillaplustools:iron_hammer":500,"minecraft:cooked_porkchop":1,"minecraft:bucket":57,"minecraft:glass_pane":99,"alexsmobs:animal_dictionary":12,"minecraft:stripped_oak_log":2},"minecraft:crafted":{"minecraft:oak_planks":1216,"minecraft:blaze_powder":2,"minecraft:cooked_mutton":30,"immersive_armors:wooden_chestplate":1,"minecraft:glass":259,"vanillaplustools:iron_hammer":4,"minecraft:diamond_helmet":1,"minecraft:bow":2,"minecraft:chest":6,"immersive_armors:wooden_helmet":2,"minecraft:stone_hoe":1,"minecraft:oak_fence":114,"minecraft:deepslate":136,"minecraft:emerald":23,"sophisticatedbackpacks:backpack":2,"minecraft:cauldron":3,"minecraft:cooked_porkchop":1,"minecraft:crafting_table":6,"minecraft:spruce_planks":20,"minecraft:wooden_pickaxe":1,"minecraft:baked_potato":166,"immersive_armors:wooden_leggings":4,"minecraft:oak_wood":3,"immersive_armors:wooden_boots":2,"minecraft:diamond_pickaxe":1,"minecraft:paper":297,"minecraft:shield":2,"minecraft:stick":300,"minecraft:iron_ingot":193,"minecraft:iron_pickaxe":42,"minecraft:gold_ingot":34,"minecraft:oak_door":3,"minecraft:fishing_rod":2,"minecraft:furnace":2,"minecraft:bone_meal":63,"minecraft:glass_pane":144,"minecraft:flint_and_steel":1,"minecraft:polished_deepslate":56,"minecraft:iron_axe":4,"minecraft:spruce_wood":3,"minecraft:stone_pickaxe":1,"minecraft:cobbled_deepslate_stairs":196,"minecraft:lead":2,"minecraft:wheat":36,"sophisticatedbackpacks:iron_backpack":1,"minecraft:cooked_beef":17,"minecraft:sugar":2,"minecraft:crossbow":1,"minecraft:diamond_sword":1,"minecraft:iron_sword":1,"sophisticatedbackpacks:gold_backpack":1,"minecraft:stone_axe":2,"minecraft:bread":23,"minecraft:air":0,"minecraft:oak_fence_gate":7,"minecraft:fermented_spider_eye":2,"minecraft:wooden_axe":2,"minecraft:oak_stairs":4,"minecraft:iron_shovel":1,"minecraft:white_bed":9,"minecraft:acacia_planks":60,"minecraft:torch":408},"minecraft:killed":{"minecraft:cave_spider":7,"minecraft:zombified_piglin":6,"minecraft:witch":1,"minecraft:spider":11,"creeperoverhaul:bamboo_creeper":1,"minecraft:skeleton":35,"minecraft:chicken":7,"alexsmobs:straddler":2,"minecraft:magma_cube":14,"minecraft:parrot":2,"minecraft:pig":5,"minecraft:zombie_villager":2,"alexsmobs:stradpole":1,"minecraft:sheep":28,"minecraft:pillager":4,"minecraft:zombie":56,"alexsmobs:fly":3,"minecraft:glow_squid":1,"minecraft:cow":29,"minecraft:blaze":7,"alexsmobs:dropbear":1,"minecraft:vindicator":2,"minecraft:slime":10,"alexsmobs:skreecher":4,"alexsmobs:cockroach":1,"alexsmobs:gazelle":1,"minecraft:wither_skeleton":4,"creeperoverhaul:savannah_creeper":1,"minecraft:enderman":1},"minecraft:mined":{"minecraft:stone_pressure_plate":1,"minecraft:spruce_planks":2,"minecraft:white_bed":7,"minecraft:cobbled_deepslate_stairs":15,"minecraft:sculk_vein":7,"minecraft:brewing_stand":2,"minecraft:obsidian":11,"minecraft:granite":9,"minecraft:red_sand":1,"minecraft:acacia_log":37,"minecraft:grass_block":724,"minecraft:nether_wart":30,"minecraft:magma_block":2,"minecraft:iron_ore":89,"minecraft:cobbled_deepslate":5,"minecraft:fire":41,"minecraft:pumpkin":17,"minecraft:deepslate_lapis_ore":25,"biomesoplenty:hanging_cobweb":3,"minecraft:pointed_dripstone":66,"biomesoplenty:glowflower":7,"minecraft:oak_stairs":3,"biomesoplenty:webbing":18,"minecraft:spruce_wood":2,"minecraft:tripwire":3,"minecraft:deepslate_redstone_ore":73,"minecraft:cut_sandstone":31,"minecraft:brown_mushroom":6,"minecraft:red_bed":3,"minecraft:blackstone":27,"minecraft:melon_stem":1,"biomesoplenty:wildflower":2,"minecraft:orange_terracotta":2,"minecraft:torch":12,"minecraft:melon":11,"minecraft:chest":1,"minecraft:mushroom_stem":10,"minecraft:nether_quartz_ore":5,"minecraft:cobblestone":32,"minecraft:sugar_cane":1035,"minecraft:oak_planks":193,"minecraft:wall_torch":12,"minecraft:wheat":424,"mutantmonsters:mutant_skeleton_skull":1,"minecraft:tnt":9,"minecraft:grass":195,"minecraft:oak_log":500,"minecraft:oak_fence_gate":2,"minecraft:sand":4,"minecraft:dirt":237,"minecraft:tripwire_hook":3,"minecraft:red_mushroom_block":62,"minecraft:netherrack":767,"minecraft:oak_leaves":224,"minecraft:deepslate":4306,"minecraft:nether_gold_ore":26,"minecraft:crying_obsidian":1,"minecraft:tuff":317,"minecraft:mossy_cobblestone":2,"minecraft:deepslate_diamond_ore":16,"minecraft:oak_door":7,"biomesoplenty:desert_grass":31,"biomesoplenty:toadstool_block":32,"minecraft:glow_lichen":1,"minecraft:nether_bricks":43,"minecraft:allium":1,"minecraft:redstone_wire":4,"minecraft:spruce_leaves":2,"minecraft:cartography_table":1,"minecraft:red_mushroom":11,"minecraft:sandstone":21,"minecraft:hay_block":5,"minecraft:redstone_ore":3,"minecraft:furnace":1,"minecraft:carrots":46,"biomesoplenty:toadstool":2,"minecraft:chiseled_sandstone":7,"minecraft:andesite":26,"minecraft:gold_block":3,"biomesoplenty:magic_log":6,"minecraft:nether_brick_fence":5,"minecraft:polished_deepslate":1,"minecraft:potatoes":73,"minecraft:deepslate_iron_ore":57,"minecraft:vine":2,"minecraft:stripped_oak_log":11,"biomesoplenty:spider_egg":4,"minecraft:stone":532,"minecraft:acacia_leaves":2,"minecraft:glass_pane":1,"minecraft:hanging_roots":1,"minecraft:soul_sand":10,"minecraft:dandelion":1,"minecraft:oak_fence":20,"minecraft:crafting_table":4,"minecraft:rose_bush":9,"minecraft:lectern":41,"minecraft:tall_grass":32,"minecraft:copper_ore":8,"minecraft:deepslate_coal_ore":9,"minecraft:deepslate_gold_ore":30,"minecraft:lapis_ore":17,"minecraft:sculk":3,"minecraft:diorite":1,"minecraft:cactus":2,"biomesoplenty:blue_hydrangea":4,"biomesoplenty:pink_daffodil":2,"minecraft:spruce_log":13,"minecraft:coal_ore":386,"minecraft:gravel":10,"minecraft:dripstone_block":10,"biomesoplenty:stringy_cobweb":4,"minecraft:cobweb":21,"minecraft:acacia_planks":45,"minecraft:gold_ore":6,"minecraft:fern":1},"minecraft:picked_up":{"minecraft:iron_chestplate":1,"minecraft:wheat":410,"minecraft:nether_brick_fence":5,"minecraft:lead":11,"minecraft:oak_stairs":3,"minecraft:potion":4,"minecraft:brewing_stand":2,"minecraft:polished_deepslate":1,"alexsmobs:gazelle_horn":1,"minecraft:string":41,"mutantmonsters:mutant_skeleton_skull":3,"minecraft:raw_copper":25,"alexsmobs:dropbear_claw":2,"minecraft:red_sand":1,"minecraft:gold_nugget":109,"minecraft:cobbled_deepslate":2870,"minecraft:bucket":2,"minecraft:spruce_planks":2,"minecraft:rose_bush":7,"minecraft:iron_pickaxe":1,"minecraft:melon_slice":61,"minecraft:furnace":1,"minecraft:stick":173,"minecraft:oak_fence":19,"minecraft:torch":36,"minecraft:acacia_log":35,"minecraft:porkchop":10,"minecraft:pointed_dripstone":91,"minecraft:diorite":1,"minecraft:rabbit_foot":1,"minecraft:cactus":2,"minecraft:rotten_flesh":62,"minecraft:blaze_rod":2,"minecraft:obsidian":11,"minecraft:cod":12,"minecraft:cobblestone":650,"minecraft:magma_block":2,"minecraft:feather":12,"minecraft:magma_cream":1,"minecraft:andesite":24,"minecraft:potato":242,"minecraft:flint":1,"minecraft:tuff":201,"minecraft:lapis_lazuli":269,"minecraft:dirt":983,"minecraft:bone":23,"minecraft:glass":5,"minecraft:acacia_planks":45,"minecraft:bow":4,"minecraft:wheat_seeds":1075,"minecraft:raw_gold":36,"minecraft:bamboo":1,"minecraft:oak_planks":174,"biomesoplenty:toadstool":15,"minecraft:poisonous_potato":1,"minecraft:sand":9,"minecraft:chiseled_sandstone":7,"minecraft:mossy_cobblestone":2,"biomesoplenty:glowflower":7,"minecraft:diamond":16,"minecraft:crossbow":2,"minecraft:granite":12,"minecraft:bread":7,"alexsmobs:maggot":6,"biomesoplenty:pink_daffodil":2,"minecraft:oak_sapling":228,"minecraft:netherrack":728,"sophisticatedbackpacks:gold_backpack":10,"minecraft:coarse_dirt":12,"minecraft:crafting_table":4,"minecraft:allium":1,"minecraft:chicken":7,"minecraft:nether_wart":41,"minecraft:leather_leggings":1,"minecraft:brown_mushroom":6,"minecraft:gold_block":3,"minecraft:red_bed":3,"minecraft:iron_shovel":1,"minecraft:blackstone":25,"minecraft:cartography_table":1,"minecraft:beef":57,"minecraft:minecart":2,"minecraft:poppy":2,"minecraft:lectern":42,"biomesoplenty:wildflower":5,"minecraft:sugar_cane":1870,"minecraft:egg":1,"minecraft:raw_iron":149,"minecraft:sandstone":21,"minecraft:oak_door":7,"sophisticatedbackpacks:crafting_upgrade":1,"alexsmobs:straddlite":1,"minecraft:carrot":169,"minecraft:redstone":330,"minecraft:stone_pressure_plate":1,"minecraft:tnt":9,"minecraft:arrow":33,"biomesoplenty:blue_hydrangea":3,"minecraft:nether_bricks":43,"minecraft:shears":1,"minecraft:hay_block":5,"minecraft:mutton":41,"minecraft:white_wool":84,"minecraft:bone_block":53,"minecraft:stripped_oak_log":11,"minecraft:basalt":4,"minecraft:tripwire_hook":3,"minecraft:salmon":4,"minecraft:glow_ink_sac":5,"minecraft:cut_sandstone":31,"minecraft:leather":43,"alexsmobs:acacia_blossom":6,"minecraft:red_mushroom":27,"alexsmobs:skreecher_soul":3,"minecraft:oak_log":511,"minecraft:lily_pad":1,"minecraft:golden_boots":1,"minecraft:cobbled_deepslate_stairs":15,"minecraft:gunpowder":1,"minecraft:cobblestone_stairs":41,"minecraft:paper":219,"minecraft:white_banner":3,"minecraft:orange_terracotta":2,"minecraft:apple":25,"minecraft:oak_fence_gate":2,"minecraft:spruce_wood":2,"minecraft:iron_ingot":11,"biomesoplenty:magic_log":6,"minecraft:soul_sand":10,"minecraft:acacia_sapling":16,"minecraft:pumpkin":17,"minecraft:dandelion":1,"minecraft:quartz":5,"minecraft:dripstone_block":10,"minecraft:gravel":14,"minecraft:white_bed":7,"minecraft:spruce_log":13,"minecraft:crying_obsidian":1,"minecraft:spider_eye":7,"minecraft:slime_ball":8,"minecraft:iron_helmet":1,"minecraft:melon_seeds":3,"minecraft:coal":394,"minecraft:ender_pearl":1},"minecraft:dropped":{"minecraft:oak_log":24,"minecraft:leather":4,"minecraft:cod":4,"minecraft:cobblestone_stairs":20,"sophisticatedbackpacks:gold_backpack":10,"minecraft:iron_pickaxe":2,"vanillaplustools:iron_hammer":2,"minecraft:cobbled_deepslate":131,"minecraft:wheat":25,"minecraft:oak_planks":248,"minecraft:white_bed":4,"minecraft:salmon":3,"minecraft:carrot":19,"minecraft:beef":2,"minecraft:glass":132,"minecraft:wheat_seeds":3,"minecraft:apple":1,"minecraft:granite":3,"minecraft:coal":25,"minecraft:melon_slice":2,"minecraft:oak_stairs":2,"minecraft:paper":384,"alexsmobs:maggot":4,"minecraft:blaze_rod":1,"sophisticatedbackpacks:backpack":1,"minecraft:name_tag":1,"minecraft:shield":1,"mutantmonsters:mutant_skeleton_skull":1},"minecraft:killed_by":{"mutantmonsters:mutant_zombie":2,"minecraft:zombified_piglin":1,"alexsmobs:straddler":1,"minecraft:zombie":3,"minecraft:husk":1,"minecraft:warden":2,"mutantmonsters:mutant_skeleton":1},"minecraft:broken":{"immersive_armors:wooden_leggings":1,"minecraft:iron_shovel":1,"vanillaplustools:iron_hammer":2,"minecraft:stone_pickaxe":1,"minecraft:stone_axe":1,"minecraft:iron_sword":1,"minecraft:wooden_axe":2,"immersive_armors:wooden_boots":1,"minecraft:wooden_pickaxe":1,"minecraft:golden_axe":1,"minecraft:iron_axe":4,"minecraft:iron_pickaxe":3}},"DataVersion":3465}