{"stats":{"minecraft:broken":{"minecraft:stone_pickaxe":1,"minecraft:iron_axe":3,"minecraft:wooden_axe":2},"minecraft:killed":{"minecraft:cave_spider":4,"minecraft:spider":5,"minecraft:vindicator":2,"minecraft:skeleton":17,"alexsmobs:skreecher":4,"minecraft:zombie_villager":1,"minecraft:sheep":5,"minecraft:pillager":4,"minecraft:zombie":16,"alexsmobs:gazelle":1,"alexsmobs:fly":1,"minecraft:cow":6},"minecraft:dropped":{"minecraft:wheat_seeds":3,"minecraft:oak_log":24,"minecraft:leather":4,"minecraft:cod":4,"minecraft:melon_slice":2,"minecraft:oak_stairs":2,"alexsmobs:maggot":4,"minecraft:wheat":25,"minecraft:oak_planks":248,"sophisticatedbackpacks:backpack":1,"minecraft:salmon":3},"minecraft:crafted":{"minecraft:oak_door":3,"minecraft:oak_planks":1120,"minecraft:fishing_rod":1,"minecraft:bone_meal":63,"minecraft:glass_pane":144,"immersive_armors:wooden_chestplate":1,"minecraft:glass":64,"minecraft:iron_axe":3,"minecraft:spruce_wood":3,"minecraft:stone_pickaxe":1,"minecraft:chest":3,"immersive_armors:wooden_helmet":1,"minecraft:stone_hoe":1,"minecraft:oak_fence":114,"sophisticatedbackpacks:iron_backpack":1,"minecraft:wheat":36,"minecraft:crossbow":1,"sophisticatedbackpacks:backpack":2,"minecraft:cooked_porkchop":1,"minecraft:crafting_table":4,"minecraft:spruce_planks":20,"minecraft:wooden_pickaxe":1,"minecraft:baked_potato":11,"minecraft:iron_sword":1,"immersive_armors:wooden_leggings":1,"minecraft:oak_wood":3,"minecraft:bread":23,"minecraft:air":0,"immersive_armors:wooden_boots":1,"minecraft:oak_fence_gate":7,"minecraft:stick":180,"minecraft:iron_ingot":6,"minecraft:iron_pickaxe":2,"minecraft:oak_stairs":4,"minecraft:wooden_axe":2,"minecraft:white_bed":2,"minecraft:acacia_planks":60,"minecraft:torch":112},"minecraft:picked_up":{"minecraft:iron_chestplate":1,"minecraft:crafting_table":4,"minecraft:wheat":200,"minecraft:oak_stairs":3,"minecraft:potion":1,"alexsmobs:gazelle_horn":1,"minecraft:string":29,"minecraft:red_bed":3,"minecraft:raw_copper":2,"minecraft:iron_shovel":1,"minecraft:cobbled_deepslate":31,"minecraft:bucket":2,"minecraft:spruce_planks":2,"minecraft:beef":10,"minecraft:poppy":2,"minecraft:melon_slice":61,"biomesoplenty:wildflower":1,"minecraft:sugar_cane":13,"minecraft:furnace":1,"minecraft:egg":1,"minecraft:raw_iron":61,"minecraft:stick":104,"minecraft:oak_door":7,"minecraft:oak_fence":19,"minecraft:torch":7,"minecraft:acacia_log":35,"minecraft:diorite":1,"minecraft:redstone":9,"minecraft:arrow":20,"minecraft:rotten_flesh":20,"minecraft:shears":1,"minecraft:hay_block":5,"minecraft:mutton":5,"minecraft:bone_block":53,"minecraft:cod":7,"minecraft:cobblestone":52,"minecraft:white_wool":61,"minecraft:stripped_oak_log":11,"minecraft:glow_ink_sac":2,"minecraft:andesite":14,"minecraft:salmon":3,"minecraft:leather":14,"alexsmobs:acacia_blossom":6,"alexsmobs:skreecher_soul":3,"minecraft:potato":70,"minecraft:flint":1,"minecraft:tuff":10,"minecraft:oak_log":347,"minecraft:cobblestone_stairs":1,"minecraft:lapis_lazuli":16,"minecraft:dirt":400,"minecraft:white_banner":3,"minecraft:bone":11,"minecraft:acacia_planks":45,"minecraft:apple":16,"minecraft:bow":2,"minecraft:wheat_seeds":486,"minecraft:raw_gold":2,"minecraft:spruce_wood":2,"minecraft:iron_ingot":6,"minecraft:oak_fence_gate":2,"minecraft:oak_planks":163,"minecraft:acacia_sapling":16,"minecraft:spruce_log":9,"minecraft:spider_eye":3,"minecraft:iron_helmet":1,"minecraft:crossbow":2,"minecraft:bread":7,"alexsmobs:maggot":4,"minecraft:oak_sapling":139,"minecraft:melon_seeds":2,"minecraft:coal":44},"minecraft:used":{"minecraft:oak_fence":100,"minecraft:spruce_planks":2,"minecraft:chest":1,"minecraft:iron_sword":80,"minecraft:stone_hoe":59,"minecraft:oak_door":10,"minecraft:torch":104,"minecraft:dirt":250,"minecraft:oak_wood":1,"minecraft:acacia_sapling":6,"minecraft:oak_fence_gate":4,"minecraft:glass":8,"minecraft:wooden_axe":103,"minecraft:spruce_wood":2,"minecraft:iron_axe":732,"minecraft:oak_stairs":5,"minecraft:melon_seeds":2,"minecraft:hay_block":1,"minecraft:oak_sapling":58,"minecraft:potato":49,"minecraft:acacia_planks":50,"immersive_armors:wooden_helmet":1,"minecraft:wheat_seeds":231,"minecraft:water_bucket":12,"minecraft:stone_pickaxe":140,"minecraft:baked_potato":3,"minecraft:oak_planks":708,"minecraft:wooden_pickaxe":15,"minecraft:crafting_table":6,"minecraft:red_bed":2,"minecraft:crossbow":1,"minecraft:white_bed":2,"minecraft:oak_log":203,"minecraft:apple":15,"minecraft:melon_slice":43,"minecraft:bread":24,"minecraft:iron_pickaxe":82,"minecraft:fishing_rod":22,"minecraft:cobblestone":9,"minecraft:cooked_porkchop":1,"minecraft:andesite":12,"minecraft:bucket":13,"minecraft:glass_pane":99,"alexsmobs:animal_dictionary":12,"minecraft:stripped_oak_log":2,"minecraft:bone_meal":63},"minecraft:killed_by":{"mutantmonsters:mutant_zombie":2,"minecraft:warden":2,"minecraft:zombie":2},"minecraft:custom":{"minecraft:mob_kills":66,"minecraft:animals_bred":55,"minecraft:interact_with_crafting_table":60,"minecraft:leave_game":1,"minecraft:time_since_death":27673,"minecraft:sprint_one_cm":659656,"minecraft:walk_one_cm":1929347,"minecraft:drop":16,"minecraft:talked_to_villager":2,"minecraft:play_time":346370,"minecraft:deaths":6,"minecraft:sneak_time":9210,"minecraft:walk_under_water_one_cm":5926,"minecraft:jump":3522,"minecraft:interact_with_brewingstand":3,"minecraft:walk_on_water_one_cm":20232,"minecraft:total_world_time":346370,"minecraft:interact_with_furnace":27,"minecraft:interact_with_cartography_table":1,"minecraft:raid_trigger":1,"minecraft:sleep_in_bed":19,"minecraft:time_since_rest":27700,"minecraft:damage_taken":3633,"minecraft:damage_dealt":10746,"minecraft:swim_one_cm":2981,"minecraft:fly_one_cm":336452,"minecraft:open_chest":104,"minecraft:crouch_one_cm":35275,"minecraft:interact_with_smoker":1,"minecraft:fish_caught":10,"minecraft:fall_one_cm":64593},"minecraft:mined":{"minecraft:tuff":7,"minecraft:spruce_planks":2,"minecraft:oak_door":7,"minecraft:sculk_vein":2,"biomesoplenty:desert_grass":25,"minecraft:acacia_log":37,"minecraft:grass_block":369,"minecraft:spruce_leaves":1,"minecraft:hay_block":5,"minecraft:furnace":1,"minecraft:iron_ore":50,"minecraft:andesite":16,"minecraft:potatoes":18,"minecraft:deepslate_iron_ore":11,"biomesoplenty:webbing":8,"minecraft:oak_stairs":3,"minecraft:stripped_oak_log":11,"minecraft:spruce_wood":2,"biomesoplenty:spider_egg":3,"minecraft:stone":49,"minecraft:deepslate_redstone_ore":2,"minecraft:acacia_leaves":2,"minecraft:glass_pane":1,"minecraft:red_bed":3,"minecraft:melon_stem":1,"biomesoplenty:wildflower":1,"minecraft:oak_fence":20,"minecraft:crafting_table":4,"minecraft:torch":1,"minecraft:melon":11,"minecraft:tall_grass":31,"minecraft:cobblestone":5,"minecraft:deepslate_gold_ore":2,"minecraft:lapis_ore":2,"minecraft:oak_planks":181,"minecraft:sugar_cane":9,"minecraft:diorite":1,"minecraft:wall_torch":2,"minecraft:wheat":211,"minecraft:spruce_log":9,"minecraft:grass":145,"minecraft:coal_ore":44,"minecraft:oak_log":347,"minecraft:oak_fence_gate":2,"minecraft:gravel":1,"minecraft:dirt":35,"biomesoplenty:stringy_cobweb":2,"minecraft:cobweb":20,"minecraft:acacia_planks":45,"minecraft:deepslate":31,"minecraft:oak_leaves":114}},"DataVersion":3465}