{"stats":{"minecraft:broken":{"immersive_armors:wooden_leggings":1,"minecraft:iron_shovel":1,"vanillaplustools:iron_hammer":2,"minecraft:stone_pickaxe":1,"minecraft:iron_sword":1,"minecraft:wooden_axe":2,"immersive_armors:wooden_boots":1,"minecraft:wooden_pickaxe":1,"minecraft:iron_axe":4,"minecraft:iron_pickaxe":2},"minecraft:killed":{"minecraft:cave_spider":6,"minecraft:witch":1,"minecraft:spider":11,"minecraft:skeleton":31,"minecraft:parrot":2,"minecraft:zombie_villager":1,"minecraft:sheep":24,"minecraft:pillager":4,"minecraft:zombie":39,"alexsmobs:fly":1,"minecraft:glow_squid":1,"minecraft:cow":15,"minecraft:vindicator":2,"minecraft:slime":10,"alexsmobs:skreecher":4,"alexsmobs:cockroach":1,"alexsmobs:gazelle":1,"creeperoverhaul:savannah_creeper":1},"minecraft:dropped":{"minecraft:oak_log":24,"minecraft:leather":4,"minecraft:cod":4,"sophisticatedbackpacks:gold_backpack":1,"minecraft:cobblestone_stairs":20,"minecraft:iron_pickaxe":2,"vanillaplustools:iron_hammer":2,"minecraft:cobbled_deepslate":131,"minecraft:wheat":25,"minecraft:oak_planks":248,"minecraft:salmon":3,"minecraft:glass":58,"minecraft:wheat_seeds":3,"minecraft:granite":3,"minecraft:coal":25,"minecraft:melon_slice":2,"minecraft:oak_stairs":2,"alexsmobs:maggot":4,"sophisticatedbackpacks:backpack":1,"minecraft:shield":1,"mutantmonsters:mutant_skeleton_skull":1},"minecraft:crafted":{"minecraft:oak_planks":1152,"minecraft:cooked_mutton":30,"immersive_armors:wooden_chestplate":1,"minecraft:glass":128,"vanillaplustools:iron_hammer":4,"minecraft:bow":1,"minecraft:chest":3,"immersive_armors:wooden_helmet":2,"minecraft:stone_hoe":1,"minecraft:oak_fence":114,"minecraft:deepslate":72,"sophisticatedbackpacks:backpack":2,"minecraft:cauldron":3,"minecraft:cooked_porkchop":1,"minecraft:crafting_table":6,"minecraft:spruce_planks":20,"minecraft:wooden_pickaxe":1,"minecraft:baked_potato":36,"immersive_armors:wooden_leggings":2,"minecraft:oak_wood":3,"immersive_armors:wooden_boots":2,"minecraft:diamond_pickaxe":1,"minecraft:shield":2,"minecraft:stick":264,"minecraft:iron_ingot":177,"minecraft:iron_pickaxe":40,"minecraft:gold_ingot":12,"minecraft:oak_door":3,"minecraft:fishing_rod":1,"minecraft:furnace":2,"minecraft:bone_meal":63,"minecraft:glass_pane":144,"minecraft:polished_deepslate":56,"minecraft:iron_axe":4,"minecraft:spruce_wood":3,"minecraft:stone_pickaxe":1,"minecraft:cobbled_deepslate_stairs":196,"minecraft:wheat":36,"sophisticatedbackpacks:iron_backpack":1,"minecraft:cooked_beef":10,"minecraft:crossbow":1,"minecraft:diamond_sword":1,"minecraft:iron_sword":1,"sophisticatedbackpacks:gold_backpack":1,"minecraft:bread":23,"minecraft:air":0,"minecraft:oak_fence_gate":7,"minecraft:wooden_axe":2,"minecraft:oak_stairs":4,"minecraft:iron_shovel":1,"minecraft:white_bed":3,"minecraft:acacia_planks":60,"minecraft:torch":268},"minecraft:picked_up":{"minecraft:iron_chestplate":1,"minecraft:wheat":283,"minecraft:oak_stairs":3,"minecraft:potion":1,"minecraft:brewing_stand":1,"minecraft:polished_deepslate":1,"alexsmobs:gazelle_horn":1,"minecraft:string":35,"minecraft:raw_copper":6,"mutantmonsters:mutant_skeleton_skull":3,"minecraft:red_sand":1,"minecraft:cobbled_deepslate":2866,"minecraft:bucket":2,"minecraft:spruce_planks":2,"minecraft:rose_bush":7,"minecraft:iron_pickaxe":1,"minecraft:melon_slice":61,"minecraft:furnace":1,"minecraft:stick":110,"minecraft:oak_fence":19,"minecraft:torch":31,"minecraft:acacia_log":35,"minecraft:pointed_dripstone":91,"minecraft:diorite":1,"minecraft:cactus":2,"minecraft:rotten_flesh":41,"minecraft:obsidian":8,"minecraft:cod":7,"minecraft:cobblestone":323,"minecraft:magma_block":2,"minecraft:feather":3,"minecraft:andesite":24,"minecraft:potato":148,"minecraft:flint":1,"minecraft:tuff":201,"minecraft:lapis_lazuli":219,"minecraft:dirt":940,"minecraft:bone":19,"minecraft:acacia_planks":45,"minecraft:bow":4,"minecraft:wheat_seeds":717,"minecraft:raw_gold":31,"minecraft:oak_planks":172,"biomesoplenty:toadstool":15,"minecraft:poisonous_potato":1,"minecraft:mossy_cobblestone":2,"biomesoplenty:glowflower":7,"minecraft:diamond":16,"minecraft:crossbow":2,"minecraft:granite":11,"minecraft:bread":7,"alexsmobs:maggot":4,"biomesoplenty:pink_daffodil":2,"minecraft:oak_sapling":145,"minecraft:netherrack":1,"sophisticatedbackpacks:gold_backpack":1,"minecraft:crafting_table":4,"minecraft:coarse_dirt":12,"minecraft:allium":1,"minecraft:brown_mushroom":1,"minecraft:gold_block":1,"minecraft:red_bed":3,"minecraft:iron_shovel":1,"minecraft:cartography_table":1,"minecraft:beef":27,"minecraft:poppy":2,"biomesoplenty:wildflower":5,"minecraft:sugar_cane":202,"minecraft:egg":1,"minecraft:raw_iron":138,"minecraft:oak_door":7,"sophisticatedbackpacks:crafting_upgrade":1,"minecraft:redstone":327,"biomesoplenty:blue_hydrangea":3,"minecraft:arrow":28,"minecraft:shears":1,"minecraft:hay_block":5,"minecraft:mutton":35,"minecraft:white_wool":80,"minecraft:bone_block":53,"minecraft:stripped_oak_log":11,"minecraft:salmon":3,"minecraft:glow_ink_sac":5,"minecraft:leather":27,"alexsmobs:acacia_blossom":6,"minecraft:red_mushroom":26,"alexsmobs:skreecher_soul":3,"minecraft:oak_log":364,"minecraft:cobbled_deepslate_stairs":15,"minecraft:gunpowder":1,"minecraft:cobblestone_stairs":41,"minecraft:white_banner":3,"minecraft:apple":17,"minecraft:oak_fence_gate":2,"minecraft:spruce_wood":2,"minecraft:iron_ingot":7,"biomesoplenty:magic_log":6,"minecraft:acacia_sapling":16,"minecraft:dandelion":1,"minecraft:dripstone_block":10,"minecraft:gravel":14,"minecraft:spruce_log":10,"minecraft:crying_obsidian":1,"minecraft:spider_eye":7,"minecraft:slime_ball":8,"minecraft:iron_helmet":1,"minecraft:melon_seeds":3,"minecraft:coal":179},"minecraft:used":{"minecraft:iron_shovel":261,"minecraft:polished_deepslate":8,"minecraft:chest":1,"minecraft:shield":6,"minecraft:iron_sword":230,"minecraft:acacia_sapling":6,"minecraft:glass":8,"minecraft:lava_bucket":4,"minecraft:spruce_wood":2,"minecraft:bow":8,"minecraft:hay_block":1,"minecraft:furnace":3,"minecraft:oak_sapling":58,"minecraft:potato":83,"immersive_armors:wooden_helmet":1,"minecraft:stone_pickaxe":140,"minecraft:oak_planks":709,"minecraft:wooden_pickaxe":59,"minecraft:sugar_cane":170,"minecraft:crossbow":5,"minecraft:dripstone_block":1,"minecraft:cobbled_deepslate_stairs":173,"mutantmonsters:mutant_skeleton_skull":1,"minecraft:bread":33,"minecraft:melon_slice":59,"minecraft:diamond_sword":37,"minecraft:andesite":12,"minecraft:bone_meal":63,"minecraft:oak_fence":100,"minecraft:spruce_planks":2,"minecraft:stone_hoe":59,"minecraft:oak_door":10,"minecraft:torch":273,"minecraft:brewing_stand":1,"minecraft:dirt":600,"minecraft:oak_wood":1,"minecraft:oak_fence_gate":4,"minecraft:wooden_axe":103,"minecraft:iron_axe":921,"minecraft:oak_stairs":5,"minecraft:melon_seeds":2,"minecraft:acacia_planks":50,"minecraft:cobbled_deepslate":178,"minecraft:pointed_dripstone":7,"minecraft:wheat_seeds":315,"minecraft:cooked_mutton":9,"minecraft:water_bucket":43,"minecraft:cobblestone_stairs":20,"minecraft:glass_bottle":3,"minecraft:baked_potato":36,"minecraft:cartography_table":1,"minecraft:cauldron":3,"minecraft:crafting_table":8,"minecraft:red_bed":3,"minecraft:white_bed":3,"minecraft:oak_log":203,"minecraft:diamond_pickaxe":32,"minecraft:apple":16,"minecraft:iron_pickaxe":797,"minecraft:fishing_rod":22,"minecraft:cobblestone":32,"vanillaplustools:iron_hammer":500,"minecraft:cooked_porkchop":1,"minecraft:bucket":47,"minecraft:glass_pane":99,"alexsmobs:animal_dictionary":12,"minecraft:stripped_oak_log":2},"minecraft:killed_by":{"mutantmonsters:mutant_zombie":2,"minecraft:zombie":2,"minecraft:husk":1,"minecraft:warden":2},"minecraft:custom":{"minecraft:animals_bred":71,"minecraft:interact_with_crafting_table":100,"minecraft:leave_game":4,"minecraft:time_since_death":26347,"minecraft:sprint_one_cm":1257310,"minecraft:damage_blocked_by_shield":185,"minecraft:drop":30,"minecraft:talked_to_villager":2,"minecraft:play_time":636751,"minecraft:deaths":7,"minecraft:jump":6851,"minecraft:interact_with_brewingstand":6,"minecraft:walk_on_water_one_cm":36363,"minecraft:interact_with_furnace":137,"minecraft:interact_with_cartography_table":2,"minecraft:sleep_in_bed":27,"minecraft:damage_dealt":23700,"minecraft:crouch_one_cm":37853,"minecraft:interact_with_smoker":1,"minecraft:use_cauldron":5,"minecraft:mob_kills":156,"minecraft:fill_cauldron":2,"minecraft:damage_dealt_resisted":140,"minecraft:climb_one_cm":778,"minecraft:walk_one_cm":3052622,"minecraft:sneak_time":10059,"minecraft:walk_under_water_one_cm":17542,"minecraft:total_world_time":636751,"minecraft:raid_trigger":1,"minecraft:time_since_rest":13529,"minecraft:damage_taken":5847,"minecraft:swim_one_cm":14235,"minecraft:fly_one_cm":751372,"minecraft:open_chest":200,"minecraft:fish_caught":10,"minecraft:fall_one_cm":121610},"minecraft:mined":{"minecraft:spruce_planks":2,"minecraft:cobbled_deepslate_stairs":15,"minecraft:sculk_vein":7,"minecraft:brewing_stand":1,"minecraft:obsidian":8,"minecraft:granite":8,"minecraft:red_sand":1,"minecraft:acacia_log":37,"minecraft:grass_block":718,"minecraft:magma_block":2,"minecraft:iron_ore":78,"minecraft:cobbled_deepslate":1,"minecraft:deepslate_lapis_ore":25,"minecraft:pointed_dripstone":66,"biomesoplenty:glowflower":7,"minecraft:oak_stairs":3,"biomesoplenty:webbing":9,"minecraft:spruce_wood":2,"minecraft:deepslate_redstone_ore":73,"minecraft:brown_mushroom":1,"minecraft:red_bed":3,"minecraft:melon_stem":1,"biomesoplenty:wildflower":2,"minecraft:torch":10,"minecraft:melon":11,"minecraft:mushroom_stem":10,"minecraft:cobblestone":7,"minecraft:sugar_cane":101,"minecraft:oak_planks":190,"minecraft:wall_torch":10,"minecraft:wheat":295,"mutantmonsters:mutant_skeleton_skull":1,"minecraft:grass":177,"minecraft:oak_log":353,"minecraft:oak_fence_gate":2,"minecraft:dirt":203,"minecraft:red_mushroom_block":62,"minecraft:netherrack":1,"minecraft:oak_leaves":178,"minecraft:deepslate":4306,"minecraft:crying_obsidian":1,"minecraft:tuff":317,"minecraft:mossy_cobblestone":2,"minecraft:deepslate_diamond_ore":16,"minecraft:oak_door":7,"biomesoplenty:desert_grass":29,"biomesoplenty:toadstool_block":32,"minecraft:allium":1,"minecraft:spruce_leaves":2,"minecraft:cartography_table":1,"minecraft:red_mushroom":10,"minecraft:hay_block":5,"minecraft:redstone_ore":3,"minecraft:furnace":1,"biomesoplenty:toadstool":2,"minecraft:andesite":26,"minecraft:gold_block":1,"biomesoplenty:magic_log":6,"minecraft:polished_deepslate":1,"minecraft:potatoes":45,"minecraft:deepslate_iron_ore":57,"minecraft:vine":1,"minecraft:stripped_oak_log":11,"biomesoplenty:spider_egg":3,"minecraft:stone":225,"minecraft:acacia_leaves":2,"minecraft:glass_pane":1,"minecraft:dandelion":1,"minecraft:oak_fence":20,"minecraft:crafting_table":4,"minecraft:rose_bush":8,"minecraft:tall_grass":31,"minecraft:copper_ore":2,"minecraft:deepslate_coal_ore":9,"minecraft:lapis_ore":9,"minecraft:deepslate_gold_ore":30,"minecraft:sculk":3,"minecraft:diorite":1,"minecraft:cactus":2,"biomesoplenty:blue_hydrangea":4,"biomesoplenty:pink_daffodil":2,"minecraft:spruce_log":10,"minecraft:coal_ore":171,"minecraft:gravel":10,"minecraft:dripstone_block":10,"biomesoplenty:stringy_cobweb":2,"minecraft:cobweb":20,"minecraft:acacia_planks":45,"minecraft:gold_ore":1}},"DataVersion":3465}