{"stats":{"minecraft:mined":{"minecraft:grass":4,"minecraft:acacia_log":6,"minecraft:grass_block":1,"minecraft:oak_log":5,"minecraft:acacia_leaves":15,"minecraft:oak_leaves":1},"minecraft:picked_up":{"minecraft:stick":1,"minecraft:wheat_seeds":1,"minecraft:acacia_log":6,"minecraft:oak_log":5,"minecraft:dirt":1},"minecraft:crafted":{"minecraft:acacia_planks":24,"minecraft:stick":4,"minecraft:wooden_pickaxe":1},"minecraft:custom":{"minecraft:time_since_rest":7689,"minecraft:crouch_one_cm":339,"minecraft:sprint_one_cm":11234,"minecraft:play_time":7689,"minecraft:damage_taken":165,"minecraft:walk_one_cm":46397,"minecraft:sneak_time":59,"minecraft:jump":80,"minecraft:damage_dealt":109,"minecraft:leave_game":2,"minecraft:time_since_death":7689,"minecraft:total_world_time":7689,"minecraft:interact_with_crafting_table":2,"minecraft:fall_one_cm":209,"minecraft:fly_one_cm":2944}},"DataVersion":3465}