{"stats":{"minecraft:broken":{"minecraft:iron_shovel":1,"minecraft:stone_pickaxe":2,"minecraft:iron_axe":1,"minecraft:iron_pickaxe":5},"minecraft:killed":{"minecraft:cave_spider":3,"minecraft:spider":4,"minecraft:skeleton":6,"minecraft:chicken":3,"minecraft:pig":7,"minecraft:sheep":9,"minecraft:zombie":16,"alexsmobs:maned_wolf":1,"alexsmobs:gazelle":2,"minecraft:cow":1},"minecraft:crafted":{"minecraft:oak_planks":244,"minecraft:cooked_chicken":3,"minecraft:furnace":2,"minecraft:cobblestone_stairs":172,"minecraft:cooked_mutton":12,"minecraft:bow":1,"minecraft:iron_axe":3,"minecraft:stone_pickaxe":2,"minecraft:chest":3,"minecraft:cooked_beef":2,"minecraft:cooked_porkchop":9,"minecraft:crafting_table":1,"minecraft:wooden_pickaxe":1,"minecraft:iron_sword":1,"minecraft:copper_ingot":64,"minecraft:bucket":2,"minecraft:bread":20,"minecraft:air":0,"minecraft:stick":48,"minecraft:iron_ingot":102,"minecraft:iron_pickaxe":8,"minecraft:iron_shovel":3,"minecraft:white_bed":1,"minecraft:acacia_planks":36,"minecraft:torch":292,"minecraft:shears":1},"minecraft:picked_up":{"minecraft:crafting_table":2,"minecraft:wheat":77,"minecraft:chicken":4,"alexsmobs:roadrunner_feather":1,"alexsmobs:gazelle_horn":1,"minecraft:string":9,"minecraft:moss_carpet":6,"minecraft:raw_copper":144,"minecraft:red_sand":290,"minecraft:cobbled_deepslate":118,"minecraft:beef":2,"minecraft:iron_pickaxe":1,"biomesoplenty:wildflower":2,"minecraft:egg":3,"minecraft:furnace":4,"minecraft:stick":157,"minecraft:raw_iron":92,"minecraft:torch":20,"minecraft:acacia_log":9,"minecraft:porkchop":10,"minecraft:diorite":63,"minecraft:redstone":21,"minecraft:arrow":5,"minecraft:rotten_flesh":18,"minecraft:mutton":12,"minecraft:white_wool":8,"minecraft:cobblestone":808,"minecraft:stripped_oak_log":1,"minecraft:feather":2,"minecraft:andesite":21,"minecraft:leather":2,"minecraft:potato":1,"minecraft:flint":1,"minecraft:tuff":22,"minecraft:oak_log":443,"minecraft:cobblestone_stairs":13,"minecraft:lapis_lazuli":65,"minecraft:dirt":35,"minecraft:bone":4,"minecraft:acacia_planks":1,"minecraft:apple":22,"minecraft:wheat_seeds":143,"minecraft:raw_gold":10,"minecraft:iron_ingot":1,"minecraft:oak_planks":255,"minecraft:iron_sword":1,"biomesoplenty:toadstool":2,"minecraft:smooth_basalt":1,"minecraft:gravel":5,"minecraft:spruce_log":5,"minecraft:spider_eye":2,"minecraft:granite":73,"minecraft:grass":1,"minecraft:oak_sapling":204,"minecraft:black_wool":1,"minecraft:coal":293},"minecraft:dropped":{"minecraft:iron_ingot":1,"minecraft:iron_sword":1,"minecraft:wheat_seeds":1,"minecraft:leather":2,"minecraft:grass":2,"minecraft:iron_pickaxe":1,"minecraft:bucket":2,"minecraft:acacia_planks":2,"minecraft:bone":1,"biomesoplenty:toadstool":1,"minecraft:moss_carpet":3,"alexsmobs:gazelle_horn":1,"minecraft:rotten_flesh":6,"minecraft:shears":1,"biomesoplenty:wildflower":2,"minecraft:acacia_sapling":1},"minecraft:used":{"minecraft:iron_shovel":312,"minecraft:chest":3,"minecraft:iron_sword":138,"minecraft:cooked_chicken":3,"minecraft:torch":192,"minecraft:iron_axe":561,"minecraft:furnace":6,"minecraft:oak_sapling":57,"minecraft:cooked_beef":2,"minecraft:wheat_seeds":52,"minecraft:cooked_mutton":12,"minecraft:cobblestone_stairs":162,"minecraft:stone_pickaxe":227,"minecraft:oak_planks":250,"minecraft:wooden_pickaxe":16,"minecraft:crafting_table":2,"minecraft:apple":22,"minecraft:bread":13,"minecraft:iron_pickaxe":1434,"minecraft:cobblestone":378,"minecraft:cooked_porkchop":7,"minecraft:bucket":1,"alexsmobs:animal_dictionary":1},"minecraft:killed_by":{"mutantmonsters:mutant_skeleton":1,"minecraft:zombie":1},"minecraft:custom":{"minecraft:mob_kills":52,"minecraft:animals_bred":3,"minecraft:interact_with_crafting_table":34,"minecraft:bell_ring":2,"minecraft:damage_dealt_resisted":76,"minecraft:leave_game":3,"minecraft:time_since_death":38012,"minecraft:climb_one_cm":194,"minecraft:sprint_one_cm":663145,"minecraft:walk_one_cm":1052272,"minecraft:drop":22,"minecraft:damage_dealt_absorbed":81,"minecraft:talked_to_villager":14,"minecraft:play_time":329748,"minecraft:deaths":4,"minecraft:sneak_time":15016,"minecraft:walk_under_water_one_cm":16969,"minecraft:jump":3501,"minecraft:interact_with_brewingstand":2,"minecraft:walk_on_water_one_cm":32140,"minecraft:total_world_time":329748,"minecraft:interact_with_furnace":43,"minecraft:interact_with_cartography_table":1,"minecraft:sleep_in_bed":19,"minecraft:time_since_rest":9715,"minecraft:damage_taken":3405,"minecraft:damage_dealt":7007,"minecraft:swim_one_cm":6392,"minecraft:fly_one_cm":377430,"minecraft:open_chest":52,"minecraft:crouch_one_cm":28838,"minecraft:interact_with_smoker":1,"minecraft:fall_one_cm":76491},"minecraft:mined":{"minecraft:tuff":22,"minecraft:cobblestone_stairs":14,"biomesoplenty:desert_grass":6,"minecraft:glow_lichen":2,"minecraft:granite":74,"minecraft:red_sand":291,"minecraft:acacia_log":9,"minecraft:grass_block":10,"minecraft:furnace":4,"minecraft:iron_ore":78,"minecraft:andesite":22,"minecraft:moss_carpet":1,"biomesoplenty:hanging_cobweb":1,"minecraft:deepslate_iron_ore":14,"biomesoplenty:webbing":5,"minecraft:stripped_oak_log":1,"biomesoplenty:spider_egg":3,"minecraft:stone":808,"minecraft:deepslate_redstone_ore":5,"minecraft:acacia_leaves":1,"biomesoplenty:wildflower":1,"minecraft:crafting_table":2,"minecraft:torch":11,"minecraft:dead_bush":5,"minecraft:tall_grass":2,"minecraft:copper_ore":40,"minecraft:cobblestone":39,"minecraft:lapis_ore":10,"minecraft:deepslate_gold_ore":6,"minecraft:oak_planks":2,"minecraft:diorite":65,"minecraft:wall_torch":7,"minecraft:wheat":52,"minecraft:spruce_log":5,"minecraft:grass":30,"minecraft:oak_log":457,"minecraft:coal_ore":260,"minecraft:gravel":2,"minecraft:dirt":23,"biomesoplenty:stringy_cobweb":3,"minecraft:cobweb":1,"minecraft:smooth_basalt":1,"minecraft:gold_ore":4,"minecraft:oak_leaves":30,"minecraft:deepslate":120}},"DataVersion":3465}