{"stats":{"minecraft:broken":{"minecraft:iron_shovel":7,"vanillaplustools:iron_hammer":1,"minecraft:stone_pickaxe":2,"minecraft:iron_axe":1,"minecraft:iron_sword":1,"minecraft:iron_pickaxe":12,"minecraft:wooden_hoe":2},"minecraft:killed":{"minecraft:cave_spider":6,"minecraft:spider":16,"minecraft:skeleton":19,"minecraft:chicken":7,"alexsmobs:skreecher":1,"minecraft:pig":11,"mutantmonsters:mutant_skeleton":1,"alexsmobs:emu":1,"minecraft:sheep":12,"minecraft:pillager":1,"minecraft:zombie":37,"alexsmobs:gazelle":4,"alexsmobs:maned_wolf":1,"alexsmobs:fly":3,"minecraft:cow":15},"minecraft:crafted":{"minecraft:oak_planks":312,"minecraft:fishing_rod":3,"minecraft:cooked_chicken":7,"minecraft:furnace":7,"minecraft:cobblestone_stairs":172,"minecraft:bone_meal":448,"sophisticatedbackpacks:crafting_upgrade":2,"minecraft:cooked_mutton":17,"minecraft:glass":166,"minecraft:bow":1,"minecraft:iron_boots":1,"minecraft:iron_axe":3,"minecraft:stone_pickaxe":2,"minecraft:chest":12,"sophisticatedbackpacks:iron_backpack":1,"minecraft:minecart":1,"minecraft:cooked_beef":17,"minecraft:deepslate":64,"minecraft:oak_slab":6,"minecraft:cooked_porkchop":15,"minecraft:crafting_table":3,"minecraft:iron_helmet":2,"minecraft:wooden_pickaxe":1,"minecraft:baked_potato":109,"minecraft:iron_sword":2,"minecraft:copper_ingot":64,"sophisticatedbackpacks:gold_backpack":1,"minecraft:bucket":2,"minecraft:acacia_button":3,"sophisticatedbackpacks:upgrade_base":2,"minecraft:bread":20,"minecraft:air":0,"minecraft:iron_chestplate":3,"minecraft:stick":128,"minecraft:iron_ingot":150,"minecraft:iron_pickaxe":11,"minecraft:iron_shovel":6,"minecraft:iron_leggings":1,"minecraft:gold_ingot":29,"minecraft:white_bed":1,"minecraft:composter":2,"minecraft:acacia_planks":132,"minecraft:torch":672,"minecraft:shears":1},"minecraft:picked_up":{"sophisticatedbackpacks:gold_backpack":2,"minecraft:crafting_table":4,"minecraft:wheat":123,"minecraft:chicken":8,"alexsmobs:roadrunner_feather":1,"minecraft:acacia_button":6,"minecraft:shield":1,"alexsmobs:gazelle_horn":3,"minecraft:string":46,"minecraft:oak_trapdoor":3,"minecraft:moss_carpet":6,"minecraft:raw_copper":262,"minecraft:iron_axe":3,"minecraft:pufferfish":2,"minecraft:red_sand":477,"minecraft:cobbled_deepslate":1654,"minecraft:beef":28,"minecraft:iron_pickaxe":2,"biomesoplenty:wildflower":38,"minecraft:sugar_cane":12,"minecraft:chest":1,"minecraft:furnace":11,"minecraft:egg":5,"minecraft:stick":186,"minecraft:raw_iron":251,"minecraft:composter":2,"minecraft:oak_fence":3,"minecraft:torch":78,"minecraft:acacia_log":37,"sophisticatedbackpacks:backpack":2,"minecraft:porkchop":16,"minecraft:diorite":68,"minecraft:carrot":292,"minecraft:redstone":88,"minecraft:arrow":23,"minecraft:rotten_flesh":46,"minecraft:hay_block":3,"alexsmobs:emu_egg":1,"minecraft:mutton":18,"minecraft:bone_block":131,"minecraft:cod":16,"minecraft:rail":2,"minecraft:white_wool":11,"minecraft:cobblestone":1396,"minecraft:stripped_oak_log":1,"minecraft:feather":6,"minecraft:glow_ink_sac":6,"minecraft:andesite":59,"minecraft:salmon":7,"minecraft:leather":21,"alexsmobs:acacia_blossom":5,"alexsmobs:skreecher_soul":2,"minecraft:potato":500,"minecraft:flint":4,"minecraft:tuff":144,"minecraft:oak_log":523,"minecraft:lily_pad":1,"minecraft:cobblestone_stairs":14,"minecraft:lapis_lazuli":124,"minecraft:dirt":1548,"vanillaplustools:iron_hammer":3,"minecraft:glass":127,"minecraft:bone":19,"minecraft:acacia_planks":1,"minecraft:apple":26,"minecraft:bow":2,"minecraft:wheat_seeds":332,"minecraft:raw_gold":32,"minecraft:iron_ingot":5,"minecraft:glowstone_dust":23,"minecraft:iron_sword":1,"minecraft:oak_planks":260,"minecraft:acacia_sapling":8,"biomesoplenty:toadstool":2,"minecraft:smooth_basalt":1,"minecraft:quartz":8,"minecraft:poisonous_potato":1,"minecraft:gravel":66,"minecraft:sand":5,"minecraft:stripped_spruce_log":1,"minecraft:spruce_sapling":1,"minecraft:ink_sac":10,"minecraft:white_bed":10,"minecraft:spruce_log":5,"minecraft:spider_eye":8,"minecraft:dispenser":1,"minecraft:diamond":26,"minecraft:iron_helmet":1,"minecraft:granite":73,"minecraft:bone_meal":2,"minecraft:grass":1,"minecraft:netherrack":10,"alexsmobs:maggot":2,"minecraft:baked_potato":1,"minecraft:oak_sapling":259,"minecraft:black_wool":1,"minecraft:coal":433},"minecraft:dropped":{"minecraft:golden_boots":1,"minecraft:iron_ingot":11,"minecraft:bread":7,"minecraft:iron_sword":1,"minecraft:stripped_spruce_log":1,"minecraft:wheat_seeds":20,"minecraft:iron_helmet":2,"minecraft:oak_fence":3,"minecraft:cobblestone":31,"minecraft:leather":10,"minecraft:cod":3,"sophisticatedbackpacks:gold_backpack":2,"minecraft:cobblestone_stairs":20,"minecraft:dirt":4,"minecraft:grass":2,"minecraft:bone_block":53,"minecraft:iron_axe":4,"minecraft:iron_pickaxe":1,"sophisticatedbackpacks:crafting_upgrade":1,"vanillaplustools:iron_hammer":1,"minecraft:string":3,"minecraft:bucket":2,"minecraft:acacia_planks":2,"minecraft:redstone":9,"minecraft:bone":1,"biomesoplenty:toadstool":1,"minecraft:moss_carpet":3,"minecraft:sugar_cane":10,"alexsmobs:gazelle_horn":3,"alexsmobs:acacia_blossom":5,"minecraft:cobbled_deepslate":144,"minecraft:rotten_flesh":12,"minecraft:oak_planks":1,"sophisticatedbackpacks:backpack":1,"minecraft:shears":1,"minecraft:acacia_button":6,"minecraft:potato":1,"minecraft:iron_chestplate":1,"biomesoplenty:wildflower":2,"minecraft:oak_sapling":23,"minecraft:acacia_sapling":9,"minecraft:spider_eye":1},"minecraft:used":{"minecraft:oak_trapdoor":15,"minecraft:iron_shovel":2113,"minecraft:acacia_log":4,"minecraft:dispenser":2,"minecraft:chest":15,"minecraft:shield":19,"minecraft:iron_sword":394,"minecraft:cooked_chicken":7,"minecraft:torch":677,"minecraft:dirt":1464,"minecraft:carrot":217,"minecraft:tuff":6,"minecraft:glass":238,"minecraft:lava_bucket":1,"minecraft:iron_axe":696,"minecraft:bow":8,"minecraft:oak_sapling":57,"minecraft:furnace":18,"minecraft:potato":159,"minecraft:cooked_beef":17,"minecraft:cobbled_deepslate":104,"minecraft:wheat_seeds":99,"minecraft:cooked_mutton":17,"minecraft:water_bucket":80,"minecraft:cobblestone_stairs":166,"minecraft:baked_potato":47,"minecraft:oak_planks":255,"minecraft:stone_pickaxe":227,"minecraft:powered_rail":2,"minecraft:wooden_pickaxe":16,"minecraft:composter":4,"minecraft:rail":7,"minecraft:sand":5,"minecraft:crafting_table":5,"minecraft:white_bed":10,"minecraft:redstone_torch":1,"minecraft:wooden_hoe":170,"minecraft:diamond_pickaxe":12,"minecraft:apple":22,"minecraft:bread":30,"minecraft:iron_pickaxe":3113,"minecraft:oak_button":1,"minecraft:diamond_sword":6,"minecraft:fishing_rod":36,"minecraft:cobblestone":388,"minecraft:cobbled_deepslate_slab":20,"minecraft:andesite":22,"vanillaplustools:iron_hammer":474,"minecraft:cooked_porkchop":15,"minecraft:bucket":83,"minecraft:glass_pane":108,"alexsmobs:animal_dictionary":1,"minecraft:bone_meal":236},"minecraft:killed_by":{"alexsmobs:elephant":1,"minecraft:warden":2,"mutantmonsters:mutant_skeleton":4,"minecraft:skeleton":1,"minecraft:zombie":2},"minecraft:custom":{"minecraft:mob_kills":137,"minecraft:animals_bred":19,"minecraft:interact_with_crafting_table":66,"minecraft:bell_ring":2,"minecraft:damage_dealt_resisted":227,"minecraft:leave_game":8,"minecraft:time_since_death":210518,"minecraft:climb_one_cm":1209,"minecraft:sprint_one_cm":1874284,"minecraft:walk_one_cm":2786400,"minecraft:damage_blocked_by_shield":375,"minecraft:drop":109,"minecraft:damage_dealt_absorbed":81,"minecraft:talked_to_villager":28,"minecraft:play_time":946017,"minecraft:deaths":12,"minecraft:sneak_time":29129,"minecraft:walk_under_water_one_cm":26484,"minecraft:interact_with_brewingstand":3,"minecraft:jump":11561,"minecraft:walk_on_water_one_cm":93848,"minecraft:total_world_time":946017,"minecraft:interact_with_furnace":154,"minecraft:interact_with_cartography_table":4,"minecraft:interact_with_stonecutter":1,"minecraft:sleep_in_bed":48,"minecraft:time_since_rest":39949,"minecraft:damage_taken":9058,"minecraft:damage_dealt":20124,"minecraft:swim_one_cm":16692,"minecraft:fly_one_cm":1979518,"minecraft:open_chest":216,"minecraft:crouch_one_cm":69221,"minecraft:fish_caught":19,"minecraft:interact_with_smoker":1,"minecraft:fall_one_cm":251393,"minecraft:use_cauldron":2,"minecraft:inspect_dispenser":2},"minecraft:mined":{"minecraft:tuff":341,"minecraft:white_bed":6,"minecraft:deepslate_diamond_ore":26,"minecraft:sculk_vein":13,"minecraft:cobblestone_stairs":16,"biomesoplenty:desert_grass":35,"minecraft:glow_lichen":5,"minecraft:granite":74,"minecraft:red_sand":481,"minecraft:acacia_log":37,"minecraft:grass_block":1148,"minecraft:spruce_leaves":1,"minecraft:composter":2,"minecraft:hay_block":3,"minecraft:oak_trapdoor":3,"minecraft:glowstone":8,"minecraft:carrots":69,"minecraft:sculk_catalyst":1,"minecraft:furnace":11,"minecraft:iron_ore":189,"minecraft:cobbled_deepslate":10,"minecraft:andesite":59,"minecraft:stripped_spruce_log":1,"minecraft:moss_carpet":1,"minecraft:deepslate_lapis_ore":6,"biomesoplenty:hanging_cobweb":1,"minecraft:potatoes":144,"minecraft:deepslate_iron_ore":67,"minecraft:rail":2,"biomesoplenty:webbing":14,"minecraft:stripped_oak_log":1,"minecraft:stone":1460,"biomesoplenty:spider_egg":5,"minecraft:bone_block":117,"minecraft:deepslate_redstone_ore":34,"minecraft:acacia_leaves":1,"biomesoplenty:wildflower":12,"minecraft:oak_fence":2,"minecraft:torch":34,"minecraft:crafting_table":4,"minecraft:nether_quartz_ore":8,"minecraft:chest":1,"minecraft:dead_bush":6,"minecraft:sculk_sensor":1,"minecraft:copper_ore":73,"minecraft:tall_grass":8,"minecraft:glass":8,"minecraft:cobblestone":42,"minecraft:deepslate_gold_ore":28,"minecraft:lapis_ore":15,"minecraft:oak_planks":7,"minecraft:sugar_cane":6,"minecraft:wall_torch":27,"minecraft:sculk":4,"minecraft:diorite":66,"minecraft:wheat":99,"minecraft:spruce_log":5,"minecraft:grass":242,"minecraft:coal_ore":332,"minecraft:oak_log":523,"minecraft:gravel":34,"minecraft:sand":5,"minecraft:dirt":461,"minecraft:cobweb":12,"biomesoplenty:stringy_cobweb":4,"minecraft:smooth_basalt":1,"minecraft:dispenser":1,"minecraft:gold_ore":4,"minecraft:oak_leaves":93,"minecraft:deepslate":4484}},"DataVersion":3465}