{"stats":{"minecraft:custom":{"minecraft:animals_bred":19,"minecraft:interact_with_crafting_table":66,"minecraft:bell_ring":2,"minecraft:leave_game":11,"minecraft:time_since_death":466612,"minecraft:sprint_one_cm":2905358,"minecraft:damage_blocked_by_shield":880,"minecraft:drop":586,"minecraft:talked_to_villager":164,"minecraft:play_time":1482349,"minecraft:deaths":13,"minecraft:jump":19884,"minecraft:interact_with_brewingstand":8,"minecraft:walk_on_water_one_cm":126122,"minecraft:interact_with_furnace":196,"minecraft:traded_with_villager":6,"minecraft:interact_with_cartography_table":4,"minecraft:sleep_in_bed":73,"minecraft:damage_dealt":34101,"minecraft:crouch_one_cm":230113,"minecraft:interact_with_smoker":1,"minecraft:use_cauldron":2,"minecraft:inspect_dispenser":6,"minecraft:horse_one_cm":117598,"minecraft:mob_kills":230,"minecraft:damage_dealt_resisted":552,"minecraft:climb_one_cm":1805,"minecraft:walk_one_cm":4289824,"minecraft:damage_dealt_absorbed":121,"minecraft:sneak_time":79012,"minecraft:walk_under_water_one_cm":40937,"minecraft:boat_one_cm":82722,"minecraft:total_world_time":1482349,"minecraft:interact_with_stonecutter":1,"minecraft:time_since_rest":10478,"minecraft:damage_taken":15102,"minecraft:minecart_one_cm":290321,"minecraft:swim_one_cm":32144,"minecraft:fly_one_cm":3649121,"minecraft:open_chest":363,"minecraft:fish_caught":19,"minecraft:fall_one_cm":418638},"minecraft:used":{"minecraft:iron_shovel":3456,"minecraft:dispenser":2,"minecraft:chest":19,"minecraft:shield":34,"minecraft:iron_sword":394,"minecraft:stone":20,"minecraft:carrot":224,"minecraft:tuff":9,"minecraft:glass":238,"minecraft:lava_bucket":1,"minecraft:bow":41,"minecraft:oak_sapling":57,"minecraft:furnace":18,"minecraft:potato":159,"minecraft:diorite":4,"minecraft:stone_pickaxe":227,"minecraft:powered_rail":39,"minecraft:oak_planks":255,"minecraft:wooden_pickaxe":16,"minecraft:composter":4,"minecraft:sugar_cane":89,"minecraft:sand":5,"minecraft:redstone_torch":42,"minecraft:sticky_piston":4,"minecraft:lever":4,"minecraft:acacia_door":1,"minecraft:bread":30,"minecraft:lectern":35,"minecraft:diamond_sword":236,"minecraft:andesite":22,"minecraft:oak_boat":7,"minecraft:bone_meal":236,"minecraft:oak_trapdoor":29,"minecraft:acacia_log":4,"minecraft:stone_shovel":49,"minecraft:redstone":5,"minecraft:cooked_chicken":7,"minecraft:netherrack":449,"minecraft:oak_door":2,"minecraft:torch":1036,"minecraft:dirt":3002,"minecraft:iron_axe":768,"minecraft:minecart":21,"minecraft:cooked_beef":55,"minecraft:cobbled_deepslate":187,"minecraft:wheat_seeds":99,"minecraft:cooked_mutton":17,"minecraft:water_bucket":144,"minecraft:cobblestone_stairs":166,"minecraft:baked_potato":135,"minecraft:rail":461,"minecraft:crafting_table":5,"minecraft:white_bed":19,"minecraft:wooden_hoe":174,"minecraft:diamond_pickaxe":1214,"minecraft:apple":22,"minecraft:oak_button":1,"minecraft:iron_pickaxe":3208,"minecraft:fishing_rod":36,"minecraft:cobblestone":483,"minecraft:cobbled_deepslate_slab":20,"vanillaplustools:iron_hammer":474,"minecraft:cooked_porkchop":15,"minecraft:bucket":147,"minecraft:glass_pane":108,"alexsmobs:animal_dictionary":1},"minecraft:crafted":{"minecraft:oak_planks":312,"minecraft:cooked_chicken":7,"minecraft:stone":48,"minecraft:cobblestone_stairs":172,"sophisticatedbackpacks:crafting_upgrade":2,"minecraft:bookshelf":1,"minecraft:cooked_mutton":17,"minecraft:glass":166,"minecraft:bow":1,"minecraft:iron_boots":1,"minecraft:chest":12,"minecraft:deepslate":64,"minecraft:oak_slab":6,"minecraft:emerald":5,"minecraft:cooked_porkchop":25,"minecraft:crafting_table":3,"minecraft:iron_helmet":2,"minecraft:wooden_pickaxe":1,"minecraft:baked_potato":158,"minecraft:copper_ingot":64,"minecraft:acacia_button":3,"sophisticatedbackpacks:upgrade_base":2,"minecraft:lectern":1,"minecraft:iron_chestplate":3,"minecraft:wooden_hoe":1,"minecraft:stick":128,"minecraft:iron_ingot":300,"minecraft:iron_pickaxe":11,"minecraft:gold_ingot":29,"minecraft:redstone_torch":27,"minecraft:composter":2,"minecraft:shears":1,"minecraft:fishing_rod":3,"minecraft:furnace":7,"minecraft:piston":4,"minecraft:bone_meal":448,"minecraft:iron_axe":3,"minecraft:stone_pickaxe":2,"minecraft:minecart":1,"sophisticatedbackpacks:iron_backpack":1,"minecraft:cooked_beef":55,"minecraft:iron_sword":2,"sophisticatedbackpacks:gold_backpack":1,"minecraft:bucket":2,"minecraft:bread":20,"minecraft:air":0,"minecraft:iron_shovel":6,"minecraft:iron_leggings":1,"minecraft:white_bed":1,"minecraft:acacia_planks":132,"minecraft:torch":672},"minecraft:killed":{"minecraft:cave_spider":9,"minecraft:spider":24,"minecraft:skeleton":29,"minecraft:chicken":7,"minecraft:magma_cube":18,"minecraft:pig":11,"alexsmobs:stradpole":2,"mutantmonsters:mutant_skeleton":1,"minecraft:creeper":2,"minecraft:sheep":12,"minecraft:pillager":1,"minecraft:zombie":68,"alexsmobs:maned_wolf":1,"minecraft:ghast":2,"alexsmobs:fly":4,"minecraft:cow":15,"minecraft:blaze":5,"alexsmobs:skreecher":1,"alexsmobs:emu":1,"alexsmobs:cockroach":1,"alexsmobs:gazelle":5,"minecraft:wither_skeleton":7,"minecraft:villager":2},"minecraft:mined":{"minecraft:white_bed":15,"minecraft:cobblestone_stairs":16,"minecraft:sculk_vein":13,"biomesoplenty:burning_blossom":1,"minecraft:granite":74,"minecraft:red_sand":481,"biomesoplenty:bramble":2,"minecraft:acacia_log":37,"minecraft:grass_block":1866,"minecraft:composter":2,"minecraft:sculk_catalyst":1,"minecraft:glowstone":8,"minecraft:iron_ore":274,"minecraft:cobbled_deepslate":16,"minecraft:fire":26,"minecraft:moss_carpet":1,"minecraft:deepslate_lapis_ore":6,"biomesoplenty:hanging_cobweb":2,"minecraft:dirt_path":90,"biomesoplenty:webbing":31,"minecraft:deepslate_redstone_ore":34,"biomesoplenty:wildflower":15,"minecraft:torch":58,"minecraft:chest":6,"minecraft:dead_bush":6,"minecraft:glass":12,"minecraft:nether_quartz_ore":8,"minecraft:cobblestone":43,"minecraft:sugar_cane":580,"minecraft:oak_planks":13,"minecraft:wall_torch":35,"minecraft:powered_rail":4,"minecraft:wheat":99,"minecraft:grass":274,"minecraft:oak_log":559,"minecraft:sand":5,"minecraft:dirt":1081,"minecraft:smooth_basalt":1,"minecraft:dispenser":1,"minecraft:netherrack":544,"minecraft:oak_leaves":99,"minecraft:deepslate":4567,"minecraft:nether_gold_ore":68,"minecraft:diamond_ore":1,"minecraft:tuff":345,"minecraft:deepslate_diamond_ore":33,"minecraft:oak_door":1,"biomesoplenty:desert_grass":45,"minecraft:glow_lichen":8,"minecraft:nether_bricks":8,"minecraft:spruce_leaves":1,"minecraft:hay_block":3,"minecraft:oak_trapdoor":3,"minecraft:furnace":11,"minecraft:carrots":73,"minecraft:andesite":59,"minecraft:stripped_spruce_log":1,"minecraft:nether_brick_fence":2,"minecraft:potatoes":144,"minecraft:deepslate_iron_ore":125,"minecraft:rail":59,"minecraft:stripped_oak_log":1,"biomesoplenty:spider_egg":6,"minecraft:stone":1587,"minecraft:bone_block":117,"minecraft:redstone_wall_torch":2,"minecraft:acacia_leaves":6,"minecraft:oak_fence":2,"minecraft:crafting_table":4,"minecraft:sculk_sensor":1,"minecraft:lectern":31,"minecraft:tall_grass":12,"minecraft:copper_ore":73,"minecraft:lapis_ore":15,"minecraft:deepslate_gold_ore":32,"minecraft:sculk":4,"minecraft:diorite":72,"minecraft:redstone_torch":8,"minecraft:spruce_log":7,"minecraft:coal_ore":521,"minecraft:gravel":34,"minecraft:acacia_door":1,"biomesoplenty:stringy_cobweb":5,"minecraft:cobweb":14,"minecraft:gold_ore":12},"minecraft:picked_up":{"biomesoplenty:burning_blossom":1,"minecraft:wheat":123,"minecraft:nether_brick_fence":2,"minecraft:golden_sword":1,"alexsmobs:gazelle_horn":3,"minecraft:string":58,"minecraft:raw_copper":262,"minecraft:pufferfish":2,"alexsmobs:dropbear_claw":1,"minecraft:red_sand":477,"minecraft:gold_nugget":605,"minecraft:cobbled_deepslate":1738,"minecraft:redstone_torch":11,"minecraft:iron_pickaxe":2,"minecraft:furnace":11,"minecraft:stick":199,"minecraft:composter":2,"minecraft:oak_fence":3,"minecraft:torch":121,"minecraft:acacia_log":37,"minecraft:porkchop":16,"minecraft:diorite":74,"minecraft:rotten_flesh":82,"alexsmobs:emu_egg":2,"minecraft:blaze_rod":3,"minecraft:cod":16,"minecraft:cobblestone":1525,"minecraft:feather":6,"minecraft:magma_cream":1,"minecraft:andesite":59,"minecraft:golden_leggings":1,"minecraft:potato":500,"minecraft:flint":4,"minecraft:tuff":148,"minecraft:lapis_lazuli":124,"minecraft:dirt":2951,"minecraft:name_tag":1,"minecraft:glass":127,"minecraft:bone":36,"minecraft:acacia_planks":1,"minecraft:bow":4,"minecraft:wheat_seeds":347,"minecraft:raw_gold":44,"minecraft:glowstone_dust":23,"minecraft:powered_rail":6,"minecraft:oak_planks":267,"biomesoplenty:toadstool":2,"minecraft:poisonous_potato":1,"minecraft:sand":5,"minecraft:stripped_spruce_log":1,"minecraft:ink_sac":10,"minecraft:dispenser":1,"minecraft:diamond":34,"minecraft:granite":73,"minecraft:grass":1,"minecraft:bone_meal":2,"alexsmobs:maggot":3,"minecraft:oak_sapling":273,"minecraft:netherrack":518,"minecraft:diamond_pickaxe":1,"sophisticatedbackpacks:gold_backpack":4,"minecraft:crafting_table":4,"minecraft:chicken":8,"alexsmobs:roadrunner_feather":1,"minecraft:acacia_button":6,"minecraft:shield":1,"minecraft:oak_trapdoor":3,"minecraft:moss_carpet":6,"minecraft:iron_axe":3,"minecraft:acacia_door":1,"minecraft:beef":29,"minecraft:oak_boat":7,"minecraft:lectern":30,"minecraft:minecart":26,"biomesoplenty:wildflower":46,"minecraft:sugar_cane":868,"minecraft:chest":6,"minecraft:egg":5,"minecraft:raw_iron":394,"minecraft:oak_door":1,"sophisticatedbackpacks:backpack":2,"minecraft:carrot":308,"minecraft:redstone":89,"minecraft:arrow":32,"minecraft:nether_bricks":7,"minecraft:hay_block":3,"minecraft:white_wool":11,"minecraft:mutton":18,"minecraft:rail":62,"minecraft:bone_block":131,"minecraft:stripped_oak_log":1,"minecraft:glow_ink_sac":9,"minecraft:salmon":7,"minecraft:leather":21,"alexsmobs:acacia_blossom":5,"alexsmobs:skreecher_soul":2,"minecraft:oak_log":559,"minecraft:lily_pad":1,"minecraft:gunpowder":1,"minecraft:cobblestone_stairs":14,"vanillaplustools:iron_hammer":3,"minecraft:apple":30,"minecraft:iron_ingot":5,"minecraft:iron_sword":1,"minecraft:acacia_sapling":8,"minecraft:smooth_basalt":1,"minecraft:quartz":8,"minecraft:gravel":66,"minecraft:spruce_sapling":1,"minecraft:white_bed":19,"minecraft:spruce_log":7,"minecraft:spider_eye":12,"biomesoplenty:bramble":2,"minecraft:iron_helmet":2,"minecraft:baked_potato":3,"minecraft:black_wool":1,"minecraft:coal":627},"minecraft:dropped":{"minecraft:iron_sword":1,"minecraft:baked_potato":2,"minecraft:leather":10,"minecraft:cod":3,"sophisticatedbackpacks:gold_backpack":4,"minecraft:cobblestone_stairs":20,"minecraft:dirt":5,"minecraft:grass":2,"minecraft:gold_nugget":519,"minecraft:bone_block":53,"minecraft:iron_pickaxe":1,"vanillaplustools:iron_hammer":1,"minecraft:bone":1,"biomesoplenty:toadstool":1,"minecraft:sugar_cane":10,"alexsmobs:gazelle_horn":3,"minecraft:cobbled_deepslate":144,"minecraft:rotten_flesh":39,"minecraft:oak_planks":1,"minecraft:carrot":8,"minecraft:acacia_button":6,"biomesoplenty:wildflower":6,"minecraft:acacia_sapling":9,"minecraft:golden_boots":1,"minecraft:iron_ingot":11,"minecraft:bread":7,"minecraft:stripped_spruce_log":1,"minecraft:wheat_seeds":20,"minecraft:minecart":2,"minecraft:cobblestone":31,"minecraft:oak_fence":3,"minecraft:iron_helmet":2,"minecraft:coal":1,"minecraft:iron_axe":4,"sophisticatedbackpacks:crafting_upgrade":1,"minecraft:string":3,"minecraft:bucket":2,"minecraft:acacia_planks":2,"minecraft:redstone":9,"minecraft:moss_carpet":3,"alexsmobs:maggot":1,"alexsmobs:acacia_blossom":5,"sophisticatedbackpacks:backpack":1,"minecraft:shears":1,"minecraft:potato":1,"minecraft:diamond_pickaxe":1,"minecraft:iron_chestplate":1,"minecraft:oak_sapling":23,"minecraft:spider_eye":1},"minecraft:killed_by":{"alexsmobs:elephant":1,"minecraft:zombie":2,"minecraft:warden":2,"mutantmonsters:mutant_skeleton":4,"minecraft:skeleton":1},"minecraft:broken":{"minecraft:iron_shovel":12,"minecraft:golden_boots":1,"vanillaplustools:iron_hammer":1,"minecraft:iron_chestplate":1,"minecraft:iron_leggings":1,"minecraft:stone_pickaxe":2,"minecraft:iron_sword":1,"minecraft:iron_axe":1,"minecraft:iron_pickaxe":13,"minecraft:iron_helmet":1,"minecraft:wooden_hoe":2}},"DataVersion":3465}