{"stats":{"minecraft:broken":{"minecraft:iron_shovel":2,"minecraft:stone_pickaxe":2,"minecraft:iron_axe":1,"minecraft:iron_pickaxe":5},"minecraft:killed":{"minecraft:cave_spider":3,"minecraft:spider":8,"minecraft:skeleton":6,"minecraft:chicken":7,"minecraft:pig":11,"alexsmobs:emu":1,"minecraft:sheep":10,"minecraft:pillager":1,"minecraft:zombie":20,"alexsmobs:maned_wolf":1,"alexsmobs:gazelle":4,"minecraft:cow":1},"minecraft:crafted":{"minecraft:oak_planks":244,"minecraft:cooked_chicken":7,"minecraft:furnace":7,"minecraft:cobblestone_stairs":172,"minecraft:cooked_mutton":12,"minecraft:bow":1,"minecraft:iron_axe":3,"minecraft:stone_pickaxe":2,"minecraft:chest":3,"minecraft:cooked_beef":2,"minecraft:cooked_porkchop":15,"minecraft:crafting_table":1,"minecraft:wooden_pickaxe":1,"minecraft:iron_sword":1,"minecraft:copper_ingot":64,"minecraft:bucket":2,"minecraft:bread":20,"minecraft:air":0,"minecraft:stick":48,"minecraft:iron_ingot":102,"minecraft:iron_pickaxe":8,"minecraft:iron_shovel":3,"minecraft:white_bed":1,"minecraft:acacia_planks":36,"minecraft:torch":368,"minecraft:shears":1},"minecraft:picked_up":{"minecraft:crafting_table":3,"minecraft:wheat":77,"minecraft:chicken":8,"alexsmobs:roadrunner_feather":1,"alexsmobs:gazelle_horn":3,"minecraft:string":15,"minecraft:moss_carpet":6,"minecraft:raw_copper":144,"minecraft:red_sand":477,"minecraft:cobbled_deepslate":118,"minecraft:beef":2,"minecraft:iron_pickaxe":1,"biomesoplenty:wildflower":3,"minecraft:egg":5,"minecraft:furnace":10,"minecraft:stick":167,"minecraft:raw_iron":98,"minecraft:oak_fence":3,"minecraft:torch":22,"minecraft:acacia_log":9,"minecraft:porkchop":16,"minecraft:diorite":63,"minecraft:redstone":21,"minecraft:arrow":6,"minecraft:rotten_flesh":20,"minecraft:mutton":17,"minecraft:cod":4,"minecraft:white_wool":9,"minecraft:cobblestone":826,"minecraft:stripped_oak_log":1,"minecraft:feather":6,"minecraft:salmon":3,"minecraft:andesite":21,"minecraft:leather":2,"minecraft:potato":1,"minecraft:flint":1,"minecraft:tuff":22,"minecraft:oak_log":467,"minecraft:cobblestone_stairs":14,"minecraft:lapis_lazuli":65,"minecraft:dirt":160,"minecraft:bone":5,"minecraft:acacia_planks":1,"minecraft:apple":22,"minecraft:wheat_seeds":156,"minecraft:raw_gold":10,"minecraft:iron_ingot":1,"minecraft:iron_sword":1,"minecraft:oak_planks":260,"biomesoplenty:toadstool":2,"minecraft:smooth_basalt":1,"minecraft:gravel":5,"minecraft:stripped_spruce_log":1,"minecraft:spruce_sapling":1,"minecraft:white_bed":2,"minecraft:spruce_log":5,"minecraft:spider_eye":4,"minecraft:granite":73,"minecraft:grass":1,"minecraft:oak_sapling":204,"minecraft:black_wool":1,"minecraft:coal":336},"minecraft:dropped":{"minecraft:iron_ingot":1,"minecraft:bread":7,"minecraft:stripped_spruce_log":1,"minecraft:iron_sword":1,"minecraft:wheat_seeds":3,"minecraft:oak_fence":3,"minecraft:cobblestone":1,"minecraft:leather":2,"minecraft:dirt":1,"minecraft:grass":2,"minecraft:iron_pickaxe":1,"minecraft:bucket":2,"minecraft:acacia_planks":2,"minecraft:bone":1,"biomesoplenty:toadstool":1,"minecraft:moss_carpet":3,"alexsmobs:gazelle_horn":2,"minecraft:rotten_flesh":6,"minecraft:oak_planks":1,"minecraft:shears":1,"biomesoplenty:wildflower":2,"minecraft:acacia_sapling":1},"minecraft:used":{"minecraft:iron_shovel":637,"minecraft:chest":3,"minecraft:iron_sword":192,"minecraft:cooked_chicken":3,"minecraft:torch":232,"minecraft:dirt":115,"minecraft:iron_axe":573,"minecraft:bow":7,"minecraft:furnace":16,"minecraft:oak_sapling":57,"minecraft:cooked_beef":2,"minecraft:wheat_seeds":52,"minecraft:cooked_mutton":12,"minecraft:water_bucket":1,"minecraft:cobblestone_stairs":166,"minecraft:stone_pickaxe":227,"minecraft:oak_planks":255,"minecraft:wooden_pickaxe":16,"minecraft:crafting_table":3,"minecraft:white_bed":2,"minecraft:apple":22,"minecraft:bread":23,"minecraft:iron_pickaxe":1469,"minecraft:cobblestone":378,"minecraft:cooked_porkchop":11,"minecraft:bucket":2,"alexsmobs:animal_dictionary":1},"minecraft:killed_by":{"alexsmobs:elephant":1,"mutantmonsters:mutant_skeleton":1,"minecraft:zombie":1},"minecraft:custom":{"minecraft:mob_kills":75,"minecraft:animals_bred":3,"minecraft:interact_with_crafting_table":38,"minecraft:bell_ring":2,"minecraft:damage_dealt_resisted":76,"minecraft:leave_game":4,"minecraft:time_since_death":16946,"minecraft:climb_one_cm":194,"minecraft:sprint_one_cm":900192,"minecraft:walk_one_cm":1306327,"minecraft:drop":31,"minecraft:damage_dealt_absorbed":81,"minecraft:talked_to_villager":22,"minecraft:play_time":400080,"minecraft:deaths":5,"minecraft:sneak_time":15834,"minecraft:walk_under_water_one_cm":17624,"minecraft:jump":4707,"minecraft:interact_with_brewingstand":2,"minecraft:walk_on_water_one_cm":40926,"minecraft:total_world_time":400080,"minecraft:interact_with_furnace":61,"minecraft:interact_with_cartography_table":2,"minecraft:sleep_in_bed":25,"minecraft:time_since_rest":7276,"minecraft:damage_taken":4111,"minecraft:damage_dealt":9830,"minecraft:swim_one_cm":6392,"minecraft:fly_one_cm":617270,"minecraft:open_chest":70,"minecraft:crouch_one_cm":30479,"minecraft:interact_with_smoker":1,"minecraft:fall_one_cm":104776},"minecraft:mined":{"minecraft:tuff":22,"minecraft:white_bed":2,"minecraft:sculk_vein":1,"minecraft:cobblestone_stairs":15,"biomesoplenty:desert_grass":15,"minecraft:glow_lichen":2,"minecraft:granite":74,"minecraft:red_sand":481,"minecraft:acacia_log":9,"minecraft:grass_block":106,"minecraft:furnace":10,"minecraft:iron_ore":84,"minecraft:andesite":22,"minecraft:stripped_spruce_log":1,"minecraft:moss_carpet":1,"biomesoplenty:hanging_cobweb":1,"minecraft:deepslate_iron_ore":14,"biomesoplenty:webbing":5,"minecraft:stripped_oak_log":1,"biomesoplenty:spider_egg":3,"minecraft:stone":825,"minecraft:deepslate_redstone_ore":5,"minecraft:acacia_leaves":1,"biomesoplenty:wildflower":1,"minecraft:oak_fence":2,"minecraft:crafting_table":3,"minecraft:torch":11,"minecraft:dead_bush":6,"minecraft:tall_grass":2,"minecraft:copper_ore":40,"minecraft:cobblestone":41,"minecraft:lapis_ore":10,"minecraft:deepslate_gold_ore":6,"minecraft:oak_planks":7,"minecraft:diorite":65,"minecraft:wall_torch":8,"minecraft:wheat":52,"minecraft:spruce_log":5,"minecraft:grass":112,"minecraft:oak_log":457,"minecraft:coal_ore":260,"minecraft:gravel":2,"minecraft:dirt":54,"biomesoplenty:stringy_cobweb":3,"minecraft:cobweb":1,"minecraft:smooth_basalt":1,"minecraft:gold_ore":4,"minecraft:oak_leaves":34,"minecraft:deepslate":120}},"DataVersion":3465}