{"stats":{"minecraft:dropped":{"minecraft:iron_ingot":1,"biomesoplenty:toadstool":1,"minecraft:iron_sword":1,"minecraft:moss_carpet":3,"minecraft:wheat_seeds":1,"alexsmobs:gazelle_horn":1,"minecraft:rotten_flesh":4,"minecraft:leather":2,"minecraft:shears":1,"minecraft:grass":2,"biomesoplenty:wildflower":2,"minecraft:acacia_sapling":1,"minecraft:iron_pickaxe":1,"minecraft:bucket":2,"minecraft:acacia_planks":2,"minecraft:bone":1},"minecraft:mined":{"minecraft:acacia_leaves":1,"biomesoplenty:wildflower":1,"biomesoplenty:desert_grass":6,"minecraft:glow_lichen":2,"minecraft:crafting_table":2,"minecraft:torch":7,"minecraft:granite":42,"minecraft:acacia_log":9,"minecraft:grass_block":5,"minecraft:dead_bush":3,"minecraft:copper_ore":39,"minecraft:tall_grass":2,"minecraft:cobblestone":5,"minecraft:lapis_ore":6,"minecraft:oak_planks":2,"minecraft:wall_torch":5,"minecraft:diorite":13,"minecraft:furnace":4,"minecraft:iron_ore":57,"minecraft:spruce_log":5,"minecraft:andesite":2,"minecraft:moss_carpet":1,"biomesoplenty:hanging_cobweb":1,"minecraft:grass":30,"minecraft:coal_ore":153,"minecraft:oak_log":457,"biomesoplenty:webbing":4,"minecraft:gravel":2,"minecraft:dirt":8,"minecraft:stripped_oak_log":1,"biomesoplenty:stringy_cobweb":3,"minecraft:cobweb":1,"minecraft:stone":226,"biomesoplenty:spider_egg":3,"minecraft:oak_leaves":30},"minecraft:custom":{"minecraft:interact_with_furnace":37,"minecraft:mob_kills":43,"minecraft:animals_bred":3,"minecraft:interact_with_cartography_table":1,"minecraft:interact_with_crafting_table":24,"minecraft:bell_ring":2,"minecraft:damage_dealt_resisted":76,"minecraft:leave_game":1,"minecraft:time_since_death":15845,"minecraft:sleep_in_bed":13,"minecraft:climb_one_cm":194,"minecraft:time_since_rest":3982,"minecraft:sprint_one_cm":493185,"minecraft:damage_taken":2745,"minecraft:walk_one_cm":816612,"minecraft:drop":21,"minecraft:damage_dealt":5458,"minecraft:damage_dealt_absorbed":81,"minecraft:talked_to_villager":13,"minecraft:fly_one_cm":286487,"minecraft:open_chest":34,"minecraft:crouch_one_cm":8915,"minecraft:play_time":216112,"minecraft:deaths":3,"minecraft:sneak_time":1660,"minecraft:walk_under_water_one_cm":8590,"minecraft:interact_with_brewingstand":2,"minecraft:jump":2541,"minecraft:walk_on_water_one_cm":21200,"minecraft:total_world_time":216112,"minecraft:interact_with_smoker":1,"minecraft:fall_one_cm":57856},"minecraft:crafted":{"minecraft:cooked_beef":2,"minecraft:oak_planks":244,"minecraft:cooked_porkchop":9,"minecraft:crafting_table":1,"minecraft:wooden_pickaxe":1,"minecraft:cooked_chicken":2,"minecraft:iron_sword":1,"minecraft:furnace":2,"minecraft:copper_ingot":64,"minecraft:bucket":2,"minecraft:bread":6,"minecraft:cooked_mutton":12,"minecraft:air":0,"minecraft:bow":1,"minecraft:iron_axe":3,"minecraft:stick":48,"minecraft:iron_ingot":67,"minecraft:iron_pickaxe":2,"minecraft:stone_pickaxe":2,"minecraft:chest":3,"minecraft:acacia_planks":36,"minecraft:torch":292,"minecraft:shears":1},"minecraft:used":{"minecraft:cooked_mutton":8,"minecraft:stone_pickaxe":227,"minecraft:oak_planks":250,"minecraft:chest":3,"minecraft:wooden_pickaxe":16,"minecraft:iron_sword":105,"minecraft:cooked_chicken":2,"minecraft:torch":98,"minecraft:crafting_table":2,"minecraft:apple":22,"minecraft:iron_axe":561,"minecraft:bread":13,"minecraft:iron_pickaxe":391,"minecraft:cobblestone":116,"minecraft:furnace":6,"minecraft:oak_sapling":57,"minecraft:cooked_porkchop":4,"alexsmobs:animal_dictionary":1,"minecraft:cooked_beef":2},"minecraft:broken":{"minecraft:stone_pickaxe":2,"minecraft:iron_axe":1,"minecraft:iron_pickaxe":1},"minecraft:killed_by":{"minecraft:zombie":1},"minecraft:killed":{"minecraft:cave_spider":3,"minecraft:pig":7,"minecraft:spider":4,"minecraft:sheep":9,"minecraft:skeleton":5,"minecraft:zombie":8,"minecraft:chicken":3,"alexsmobs:maned_wolf":1,"alexsmobs:gazelle":2,"minecraft:cow":1},"minecraft:picked_up":{"minecraft:stripped_oak_log":1,"minecraft:crafting_table":2,"minecraft:wheat":25,"minecraft:feather":2,"minecraft:chicken":4,"minecraft:andesite":2,"minecraft:leather":2,"minecraft:potato":1,"minecraft:flint":1,"minecraft:oak_log":443,"minecraft:string":9,"minecraft:lapis_lazuli":42,"alexsmobs:gazelle_horn":1,"minecraft:dirt":15,"minecraft:moss_carpet":6,"minecraft:raw_copper":142,"minecraft:bone":4,"minecraft:acacia_planks":1,"minecraft:apple":22,"minecraft:wheat_seeds":1,"minecraft:iron_ingot":1,"minecraft:beef":2,"minecraft:iron_pickaxe":1,"biomesoplenty:wildflower":2,"minecraft:iron_sword":1,"minecraft:oak_planks":250,"minecraft:furnace":4,"minecraft:egg":3,"biomesoplenty:toadstool":2,"minecraft:stick":152,"minecraft:raw_iron":57,"minecraft:torch":15,"minecraft:acacia_log":9,"minecraft:gravel":5,"minecraft:porkchop":10,"minecraft:diorite":13,"minecraft:spruce_log":5,"minecraft:spider_eye":2,"minecraft:arrow":4,"minecraft:rotten_flesh":10,"minecraft:granite":42,"minecraft:grass":1,"minecraft:oak_sapling":204,"minecraft:black_wool":1,"minecraft:mutton":12,"minecraft:coal":186,"minecraft:white_wool":8,"minecraft:cobblestone":231}},"DataVersion":3465}