{"stats":{"minecraft:broken":{"minecraft:iron_shovel":2,"vanillaplustools:iron_hammer":1,"minecraft:stone_pickaxe":2,"minecraft:iron_axe":1,"minecraft:iron_sword":1,"minecraft:iron_pickaxe":8},"minecraft:killed":{"minecraft:cave_spider":6,"minecraft:spider":9,"minecraft:skeleton":7,"minecraft:chicken":7,"alexsmobs:skreecher":1,"minecraft:pig":11,"alexsmobs:emu":1,"minecraft:sheep":10,"minecraft:pillager":1,"minecraft:zombie":24,"alexsmobs:maned_wolf":1,"alexsmobs:gazelle":4,"minecraft:cow":10},"minecraft:crafted":{"minecraft:oak_planks":244,"minecraft:cooked_chicken":7,"minecraft:furnace":7,"minecraft:cobblestone_stairs":172,"minecraft:bone_meal":448,"minecraft:cooked_mutton":17,"minecraft:glass":64,"minecraft:iron_boots":1,"minecraft:bow":1,"minecraft:iron_axe":3,"minecraft:stone_pickaxe":2,"minecraft:chest":10,"sophisticatedbackpacks:iron_backpack":1,"minecraft:cooked_beef":17,"minecraft:cooked_porkchop":15,"minecraft:crafting_table":1,"minecraft:wooden_pickaxe":1,"minecraft:iron_helmet":2,"minecraft:iron_sword":2,"minecraft:copper_ingot":64,"minecraft:acacia_button":3,"minecraft:bucket":2,"minecraft:bread":20,"minecraft:air":0,"minecraft:iron_chestplate":2,"minecraft:stick":124,"minecraft:iron_ingot":125,"minecraft:iron_pickaxe":10,"minecraft:iron_shovel":4,"minecraft:iron_leggings":1,"minecraft:white_bed":1,"minecraft:acacia_planks":132,"minecraft:torch":624,"minecraft:shears":1},"minecraft:picked_up":{"minecraft:crafting_table":4,"minecraft:wheat":77,"minecraft:chicken":8,"alexsmobs:roadrunner_feather":1,"minecraft:acacia_button":6,"alexsmobs:gazelle_horn":3,"minecraft:string":31,"minecraft:moss_carpet":6,"minecraft:raw_copper":262,"minecraft:iron_axe":3,"minecraft:red_sand":477,"minecraft:cobbled_deepslate":1649,"minecraft:beef":17,"minecraft:iron_pickaxe":1,"biomesoplenty:wildflower":3,"minecraft:chest":1,"minecraft:egg":5,"minecraft:furnace":11,"minecraft:stick":173,"minecraft:raw_iron":232,"minecraft:oak_fence":3,"minecraft:torch":38,"minecraft:acacia_log":37,"sophisticatedbackpacks:backpack":2,"minecraft:porkchop":16,"minecraft:diorite":68,"minecraft:redstone":88,"minecraft:arrow":6,"minecraft:rotten_flesh":28,"minecraft:hay_block":3,"minecraft:mutton":17,"minecraft:bone_block":131,"minecraft:cod":4,"minecraft:white_wool":9,"minecraft:cobblestone":885,"minecraft:stripped_oak_log":1,"minecraft:feather":6,"minecraft:glow_ink_sac":6,"minecraft:salmon":3,"minecraft:andesite":49,"minecraft:leather":14,"alexsmobs:acacia_blossom":5,"alexsmobs:skreecher_soul":2,"minecraft:potato":1,"minecraft:flint":2,"minecraft:tuff":144,"minecraft:oak_log":467,"minecraft:cobblestone_stairs":14,"vanillaplustools:iron_hammer":3,"minecraft:lapis_lazuli":124,"minecraft:dirt":161,"minecraft:bone":6,"minecraft:acacia_planks":1,"minecraft:apple":22,"minecraft:wheat_seeds":164,"minecraft:raw_gold":32,"minecraft:iron_ingot":1,"minecraft:acacia_sapling":8,"minecraft:iron_sword":1,"minecraft:oak_planks":260,"biomesoplenty:toadstool":2,"minecraft:smooth_basalt":1,"minecraft:gravel":51,"minecraft:sand":5,"minecraft:stripped_spruce_log":1,"minecraft:spruce_sapling":1,"minecraft:white_bed":5,"minecraft:spruce_log":5,"minecraft:spider_eye":6,"minecraft:diamond":20,"minecraft:iron_helmet":1,"minecraft:bone_meal":2,"minecraft:granite":73,"minecraft:grass":1,"minecraft:oak_sapling":204,"minecraft:black_wool":1,"minecraft:coal":384},"minecraft:dropped":{"minecraft:iron_ingot":3,"minecraft:bread":7,"minecraft:stripped_spruce_log":1,"minecraft:iron_sword":1,"minecraft:wheat_seeds":8,"minecraft:iron_helmet":2,"minecraft:oak_fence":3,"minecraft:cobblestone":31,"minecraft:leather":10,"minecraft:dirt":4,"minecraft:grass":2,"minecraft:bone_block":53,"minecraft:iron_axe":4,"minecraft:iron_pickaxe":1,"vanillaplustools:iron_hammer":1,"minecraft:string":2,"minecraft:bucket":2,"minecraft:acacia_planks":2,"minecraft:redstone":9,"minecraft:bone":1,"biomesoplenty:toadstool":1,"minecraft:moss_carpet":3,"alexsmobs:gazelle_horn":3,"alexsmobs:acacia_blossom":5,"minecraft:cobbled_deepslate":144,"minecraft:rotten_flesh":12,"minecraft:oak_planks":1,"sophisticatedbackpacks:backpack":1,"minecraft:shears":1,"minecraft:acacia_button":6,"minecraft:iron_chestplate":1,"biomesoplenty:wildflower":2,"minecraft:acacia_sapling":9,"minecraft:spider_eye":1},"minecraft:used":{"minecraft:acacia_log":4,"minecraft:iron_shovel":659,"minecraft:chest":11,"minecraft:iron_sword":258,"minecraft:cooked_chicken":3,"minecraft:torch":533,"minecraft:dirt":115,"minecraft:tuff":6,"minecraft:iron_axe":606,"minecraft:bow":7,"minecraft:furnace":18,"minecraft:oak_sapling":57,"minecraft:cooked_beef":10,"minecraft:cobbled_deepslate":30,"minecraft:wheat_seeds":52,"minecraft:cooked_mutton":16,"minecraft:water_bucket":2,"minecraft:cobblestone_stairs":166,"minecraft:stone_pickaxe":227,"minecraft:oak_planks":255,"minecraft:wooden_pickaxe":16,"minecraft:sand":5,"minecraft:crafting_table":5,"minecraft:white_bed":5,"minecraft:apple":22,"minecraft:bread":23,"minecraft:iron_pickaxe":2455,"minecraft:cobblestone":382,"vanillaplustools:iron_hammer":297,"minecraft:andesite":22,"minecraft:cooked_porkchop":15,"minecraft:bucket":3,"alexsmobs:animal_dictionary":1},"minecraft:killed_by":{"alexsmobs:elephant":1,"minecraft:warden":2,"mutantmonsters:mutant_skeleton":1,"minecraft:zombie":1},"minecraft:custom":{"minecraft:mob_kills":94,"minecraft:animals_bred":3,"minecraft:interact_with_crafting_table":50,"minecraft:bell_ring":2,"minecraft:damage_dealt_resisted":76,"minecraft:leave_game":4,"minecraft:time_since_death":88221,"minecraft:climb_one_cm":1114,"minecraft:sprint_one_cm":1256283,"minecraft:walk_one_cm":1721748,"minecraft:drop":76,"minecraft:damage_dealt_absorbed":81,"minecraft:talked_to_villager":24,"minecraft:play_time":538080,"minecraft:deaths":7,"minecraft:sneak_time":18593,"minecraft:walk_under_water_one_cm":20431,"minecraft:jump":6872,"minecraft:interact_with_brewingstand":2,"minecraft:walk_on_water_one_cm":57407,"minecraft:total_world_time":538080,"minecraft:interact_with_furnace":80,"minecraft:interact_with_cartography_table":3,"minecraft:interact_with_stonecutter":1,"minecraft:sleep_in_bed":29,"minecraft:time_since_rest":88258,"minecraft:damage_taken":5212,"minecraft:damage_dealt":12389,"minecraft:swim_one_cm":8619,"minecraft:fly_one_cm":960374,"minecraft:open_chest":95,"minecraft:crouch_one_cm":39524,"minecraft:interact_with_smoker":1,"minecraft:fall_one_cm":151115},"minecraft:mined":{"minecraft:tuff":309,"minecraft:white_bed":5,"minecraft:deepslate_diamond_ore":20,"minecraft:sculk_vein":13,"minecraft:cobblestone_stairs":16,"biomesoplenty:desert_grass":15,"minecraft:glow_lichen":5,"minecraft:granite":74,"minecraft:red_sand":481,"minecraft:acacia_log":37,"minecraft:grass_block":108,"minecraft:hay_block":3,"minecraft:sculk_catalyst":1,"minecraft:furnace":11,"minecraft:iron_ore":171,"minecraft:cobbled_deepslate":10,"minecraft:andesite":49,"minecraft:stripped_spruce_log":1,"minecraft:moss_carpet":1,"minecraft:deepslate_lapis_ore":6,"biomesoplenty:hanging_cobweb":1,"minecraft:deepslate_iron_ore":65,"biomesoplenty:webbing":13,"minecraft:stripped_oak_log":1,"biomesoplenty:spider_egg":5,"minecraft:stone":878,"minecraft:bone_block":117,"minecraft:deepslate_redstone_ore":29,"minecraft:acacia_leaves":1,"biomesoplenty:wildflower":1,"minecraft:oak_fence":2,"minecraft:crafting_table":4,"minecraft:torch":16,"minecraft:chest":1,"minecraft:dead_bush":6,"minecraft:sculk_sensor":1,"minecraft:tall_grass":2,"minecraft:copper_ore":73,"minecraft:cobblestone":42,"minecraft:lapis_ore":15,"minecraft:deepslate_gold_ore":28,"minecraft:oak_planks":7,"minecraft:sculk":4,"minecraft:diorite":66,"minecraft:wall_torch":14,"minecraft:wheat":52,"minecraft:spruce_log":5,"minecraft:grass":113,"minecraft:oak_log":457,"minecraft:coal_ore":308,"minecraft:gravel":30,"minecraft:sand":5,"minecraft:dirt":55,"biomesoplenty:stringy_cobweb":4,"minecraft:cobweb":12,"minecraft:smooth_basalt":1,"minecraft:gold_ore":4,"minecraft:oak_leaves":34,"minecraft:deepslate":2931}},"DataVersion":3465}