{"stats":{"minecraft:custom":{"minecraft:animals_bred":19,"minecraft:interact_with_crafting_table":66,"minecraft:bell_ring":2,"minecraft:leave_game":9,"minecraft:time_since_death":78394,"minecraft:sprint_one_cm":2316056,"minecraft:damage_blocked_by_shield":855,"minecraft:drop":567,"minecraft:talked_to_villager":29,"minecraft:play_time":1094131,"minecraft:deaths":13,"minecraft:jump":15195,"minecraft:interact_with_brewingstand":8,"minecraft:walk_on_water_one_cm":113651,"minecraft:interact_with_furnace":156,"minecraft:interact_with_cartography_table":4,"minecraft:sleep_in_bed":53,"minecraft:damage_dealt":26994,"minecraft:crouch_one_cm":113608,"minecraft:interact_with_smoker":1,"minecraft:use_cauldron":2,"minecraft:inspect_dispenser":2,"minecraft:mob_kills":193,"minecraft:damage_dealt_resisted":227,"minecraft:climb_one_cm":1805,"minecraft:walk_one_cm":3238700,"minecraft:damage_dealt_absorbed":81,"minecraft:sneak_time":41317,"minecraft:walk_under_water_one_cm":38192,"minecraft:boat_one_cm":41316,"minecraft:total_world_time":1094131,"minecraft:interact_with_stonecutter":1,"minecraft:time_since_rest":2350,"minecraft:damage_taken":12754,"minecraft:swim_one_cm":29003,"minecraft:fly_one_cm":2602281,"minecraft:open_chest":257,"minecraft:fish_caught":19,"minecraft:fall_one_cm":331462},"minecraft:used":{"minecraft:iron_shovel":2171,"minecraft:dispenser":2,"minecraft:chest":17,"minecraft:shield":33,"minecraft:iron_sword":394,"minecraft:carrot":217,"minecraft:tuff":6,"minecraft:glass":238,"minecraft:lava_bucket":1,"minecraft:bow":38,"minecraft:furnace":18,"minecraft:oak_sapling":57,"minecraft:potato":159,"minecraft:stone_pickaxe":227,"minecraft:powered_rail":2,"minecraft:oak_planks":255,"minecraft:wooden_pickaxe":16,"minecraft:composter":4,"minecraft:sand":5,"minecraft:redstone_torch":1,"minecraft:bread":30,"minecraft:diamond_sword":125,"minecraft:andesite":22,"minecraft:oak_boat":1,"minecraft:bone_meal":236,"minecraft:oak_trapdoor":15,"minecraft:acacia_log":4,"minecraft:cooked_chicken":7,"minecraft:netherrack":364,"minecraft:torch":763,"minecraft:dirt":1544,"minecraft:iron_axe":700,"minecraft:cooked_beef":30,"minecraft:cobbled_deepslate":104,"minecraft:wheat_seeds":99,"minecraft:cooked_mutton":17,"minecraft:water_bucket":81,"minecraft:cobblestone_stairs":166,"minecraft:baked_potato":106,"minecraft:rail":7,"minecraft:crafting_table":5,"minecraft:white_bed":14,"minecraft:wooden_hoe":170,"minecraft:diamond_pickaxe":831,"minecraft:apple":22,"minecraft:oak_button":1,"minecraft:iron_pickaxe":3208,"minecraft:fishing_rod":36,"minecraft:cobblestone":388,"minecraft:cobbled_deepslate_slab":20,"vanillaplustools:iron_hammer":474,"minecraft:cooked_porkchop":15,"minecraft:bucket":85,"minecraft:glass_pane":108,"alexsmobs:animal_dictionary":1},"minecraft:crafted":{"minecraft:oak_planks":312,"minecraft:cooked_chicken":7,"minecraft:cobblestone_stairs":172,"sophisticatedbackpacks:crafting_upgrade":2,"minecraft:cooked_mutton":17,"minecraft:glass":166,"minecraft:bow":1,"minecraft:iron_boots":1,"minecraft:chest":12,"minecraft:deepslate":64,"minecraft:oak_slab":6,"minecraft:cooked_porkchop":15,"minecraft:crafting_table":3,"minecraft:iron_helmet":2,"minecraft:wooden_pickaxe":1,"minecraft:baked_potato":109,"minecraft:copper_ingot":64,"minecraft:acacia_button":3,"sophisticatedbackpacks:upgrade_base":2,"minecraft:iron_chestplate":3,"minecraft:stick":128,"minecraft:iron_ingot":150,"minecraft:iron_pickaxe":11,"minecraft:gold_ingot":29,"minecraft:composter":2,"minecraft:shears":1,"minecraft:fishing_rod":3,"minecraft:furnace":7,"minecraft:bone_meal":448,"minecraft:iron_axe":3,"minecraft:stone_pickaxe":2,"minecraft:minecart":1,"sophisticatedbackpacks:iron_backpack":1,"minecraft:cooked_beef":55,"minecraft:iron_sword":2,"sophisticatedbackpacks:gold_backpack":1,"minecraft:bucket":2,"minecraft:bread":20,"minecraft:air":0,"minecraft:iron_shovel":6,"minecraft:iron_leggings":1,"minecraft:white_bed":1,"minecraft:acacia_planks":132,"minecraft:torch":672},"minecraft:killed":{"minecraft:cave_spider":8,"minecraft:spider":18,"minecraft:skeleton":29,"minecraft:chicken":7,"minecraft:magma_cube":18,"minecraft:pig":11,"alexsmobs:stradpole":2,"mutantmonsters:mutant_skeleton":1,"minecraft:creeper":1,"minecraft:sheep":12,"minecraft:pillager":1,"minecraft:zombie":43,"alexsmobs:maned_wolf":1,"minecraft:ghast":2,"alexsmobs:fly":3,"minecraft:cow":15,"minecraft:blaze":5,"alexsmobs:skreecher":1,"alexsmobs:emu":1,"alexsmobs:cockroach":1,"alexsmobs:gazelle":4,"minecraft:wither_skeleton":7},"minecraft:mined":{"minecraft:white_bed":10,"minecraft:cobblestone_stairs":16,"minecraft:sculk_vein":13,"biomesoplenty:burning_blossom":1,"minecraft:granite":74,"minecraft:red_sand":481,"biomesoplenty:bramble":2,"minecraft:acacia_log":37,"minecraft:grass_block":1190,"minecraft:composter":2,"minecraft:sculk_catalyst":1,"minecraft:glowstone":8,"minecraft:iron_ore":229,"minecraft:cobbled_deepslate":10,"minecraft:fire":26,"minecraft:moss_carpet":1,"minecraft:deepslate_lapis_ore":6,"biomesoplenty:hanging_cobweb":1,"biomesoplenty:webbing":26,"minecraft:deepslate_redstone_ore":34,"biomesoplenty:wildflower":12,"minecraft:torch":35,"minecraft:chest":5,"minecraft:dead_bush":6,"minecraft:glass":8,"minecraft:nether_quartz_ore":8,"minecraft:cobblestone":42,"minecraft:sugar_cane":6,"minecraft:oak_planks":7,"minecraft:wall_torch":30,"minecraft:wheat":99,"minecraft:grass":244,"minecraft:oak_log":523,"minecraft:sand":5,"minecraft:dirt":474,"minecraft:smooth_basalt":1,"minecraft:dispenser":1,"minecraft:netherrack":510,"minecraft:oak_leaves":94,"minecraft:deepslate":4484,"minecraft:nether_gold_ore":68,"minecraft:tuff":341,"minecraft:deepslate_diamond_ore":26,"biomesoplenty:desert_grass":35,"minecraft:glow_lichen":6,"minecraft:nether_bricks":8,"minecraft:spruce_leaves":1,"minecraft:hay_block":3,"minecraft:oak_trapdoor":3,"minecraft:furnace":11,"minecraft:carrots":69,"minecraft:andesite":59,"minecraft:stripped_spruce_log":1,"minecraft:nether_brick_fence":2,"minecraft:potatoes":144,"minecraft:deepslate_iron_ore":67,"minecraft:rail":2,"minecraft:stripped_oak_log":1,"biomesoplenty:spider_egg":5,"minecraft:stone":1530,"minecraft:bone_block":117,"minecraft:acacia_leaves":1,"minecraft:oak_fence":2,"minecraft:crafting_table":4,"minecraft:sculk_sensor":1,"minecraft:tall_grass":8,"minecraft:copper_ore":73,"minecraft:lapis_ore":15,"minecraft:deepslate_gold_ore":28,"minecraft:sculk":4,"minecraft:diorite":66,"minecraft:spruce_log":5,"minecraft:coal_ore":521,"minecraft:gravel":34,"biomesoplenty:stringy_cobweb":5,"minecraft:cobweb":14,"minecraft:gold_ore":4},"minecraft:picked_up":{"biomesoplenty:burning_blossom":1,"minecraft:wheat":123,"minecraft:nether_brick_fence":2,"minecraft:golden_sword":1,"alexsmobs:gazelle_horn":3,"minecraft:string":51,"minecraft:raw_copper":262,"minecraft:pufferfish":2,"alexsmobs:dropbear_claw":1,"minecraft:red_sand":477,"minecraft:gold_nugget":605,"minecraft:cobbled_deepslate":1654,"minecraft:iron_pickaxe":2,"minecraft:furnace":11,"minecraft:stick":186,"minecraft:composter":2,"minecraft:oak_fence":3,"minecraft:torch":84,"minecraft:acacia_log":37,"minecraft:porkchop":16,"minecraft:diorite":68,"minecraft:rotten_flesh":52,"alexsmobs:emu_egg":2,"minecraft:blaze_rod":3,"minecraft:cod":16,"minecraft:cobblestone":1467,"minecraft:feather":6,"minecraft:magma_cream":1,"minecraft:andesite":59,"minecraft:potato":500,"minecraft:flint":4,"minecraft:tuff":144,"minecraft:lapis_lazuli":124,"minecraft:dirt":1602,"minecraft:glass":127,"minecraft:bone":36,"minecraft:acacia_planks":1,"minecraft:bow":4,"minecraft:wheat_seeds":334,"minecraft:raw_gold":32,"minecraft:glowstone_dust":23,"minecraft:oak_planks":260,"biomesoplenty:toadstool":2,"minecraft:poisonous_potato":1,"minecraft:sand":5,"minecraft:stripped_spruce_log":1,"minecraft:ink_sac":10,"minecraft:dispenser":1,"minecraft:diamond":26,"minecraft:granite":73,"minecraft:grass":1,"minecraft:bone_meal":2,"alexsmobs:maggot":2,"minecraft:oak_sapling":259,"minecraft:netherrack":492,"sophisticatedbackpacks:gold_backpack":3,"minecraft:crafting_table":4,"minecraft:chicken":8,"alexsmobs:roadrunner_feather":1,"minecraft:acacia_button":6,"minecraft:shield":1,"minecraft:iron_axe":3,"minecraft:oak_trapdoor":3,"minecraft:moss_carpet":6,"minecraft:beef":28,"biomesoplenty:wildflower":38,"minecraft:sugar_cane":12,"minecraft:chest":5,"minecraft:egg":5,"minecraft:raw_iron":291,"sophisticatedbackpacks:backpack":2,"minecraft:carrot":292,"minecraft:redstone":88,"minecraft:arrow":32,"minecraft:nether_bricks":7,"minecraft:hay_block":3,"minecraft:mutton":18,"minecraft:white_wool":11,"minecraft:rail":2,"minecraft:bone_block":131,"minecraft:stripped_oak_log":1,"minecraft:glow_ink_sac":6,"minecraft:salmon":7,"minecraft:leather":21,"alexsmobs:acacia_blossom":5,"alexsmobs:skreecher_soul":2,"minecraft:oak_log":523,"minecraft:lily_pad":1,"minecraft:gunpowder":1,"minecraft:cobblestone_stairs":14,"vanillaplustools:iron_hammer":3,"minecraft:apple":27,"minecraft:iron_ingot":5,"minecraft:acacia_sapling":8,"minecraft:iron_sword":1,"minecraft:smooth_basalt":1,"minecraft:quartz":8,"minecraft:gravel":66,"minecraft:spruce_sapling":1,"minecraft:white_bed":14,"minecraft:spruce_log":5,"minecraft:spider_eye":9,"biomesoplenty:bramble":2,"minecraft:iron_helmet":1,"minecraft:baked_potato":1,"minecraft:black_wool":1,"minecraft:coal":627},"minecraft:dropped":{"minecraft:iron_sword":1,"minecraft:leather":10,"minecraft:cod":3,"sophisticatedbackpacks:gold_backpack":3,"minecraft:cobblestone_stairs":20,"minecraft:dirt":4,"minecraft:grass":2,"minecraft:gold_nugget":519,"minecraft:bone_block":53,"minecraft:iron_pickaxe":1,"vanillaplustools:iron_hammer":1,"minecraft:bone":1,"biomesoplenty:toadstool":1,"minecraft:sugar_cane":10,"alexsmobs:gazelle_horn":3,"minecraft:cobbled_deepslate":144,"minecraft:rotten_flesh":12,"minecraft:oak_planks":1,"minecraft:acacia_button":6,"biomesoplenty:wildflower":2,"minecraft:acacia_sapling":9,"minecraft:iron_ingot":11,"minecraft:golden_boots":1,"minecraft:bread":7,"minecraft:stripped_spruce_log":1,"minecraft:wheat_seeds":20,"minecraft:oak_fence":3,"minecraft:iron_helmet":2,"minecraft:cobblestone":31,"minecraft:coal":1,"minecraft:iron_axe":4,"sophisticatedbackpacks:crafting_upgrade":1,"minecraft:string":3,"minecraft:bucket":2,"minecraft:acacia_planks":2,"minecraft:redstone":9,"minecraft:moss_carpet":3,"alexsmobs:acacia_blossom":5,"sophisticatedbackpacks:backpack":1,"minecraft:shears":1,"minecraft:potato":1,"minecraft:iron_chestplate":1,"minecraft:oak_sapling":23,"minecraft:spider_eye":1},"minecraft:killed_by":{"alexsmobs:elephant":1,"minecraft:zombie":2,"minecraft:warden":2,"mutantmonsters:mutant_skeleton":4,"minecraft:skeleton":1},"minecraft:broken":{"minecraft:iron_shovel":7,"vanillaplustools:iron_hammer":1,"minecraft:iron_leggings":1,"minecraft:stone_pickaxe":2,"minecraft:iron_sword":1,"minecraft:iron_axe":1,"minecraft:iron_pickaxe":13,"minecraft:iron_helmet":1,"minecraft:wooden_hoe":2}},"DataVersion":3465}