{"stats":{"minecraft:dropped":{"biomesoplenty:toadstool":1,"minecraft:iron_ingot":1,"minecraft:iron_sword":1,"minecraft:moss_carpet":3,"minecraft:wheat_seeds":1,"alexsmobs:gazelle_horn":1,"minecraft:rotten_flesh":4,"minecraft:leather":2,"minecraft:shears":1,"minecraft:grass":2,"biomesoplenty:wildflower":2,"minecraft:acacia_sapling":1,"minecraft:iron_pickaxe":1,"minecraft:bucket":2,"minecraft:acacia_planks":2,"minecraft:bone":1},"minecraft:mined":{"minecraft:acacia_leaves":1,"biomesoplenty:wildflower":1,"biomesoplenty:desert_grass":6,"minecraft:glow_lichen":2,"minecraft:crafting_table":2,"minecraft:torch":7,"minecraft:granite":42,"minecraft:acacia_log":9,"minecraft:grass_block":5,"minecraft:dead_bush":3,"minecraft:copper_ore":39,"minecraft:tall_grass":2,"minecraft:cobblestone":5,"minecraft:lapis_ore":6,"minecraft:oak_planks":2,"minecraft:wall_torch":5,"minecraft:diorite":13,"minecraft:furnace":4,"minecraft:iron_ore":57,"minecraft:spruce_log":5,"minecraft:andesite":2,"minecraft:moss_carpet":1,"biomesoplenty:hanging_cobweb":1,"minecraft:grass":30,"minecraft:oak_log":457,"minecraft:coal_ore":153,"biomesoplenty:webbing":4,"minecraft:cobweb":1,"minecraft:gravel":2,"minecraft:dirt":8,"minecraft:stripped_oak_log":1,"biomesoplenty:stringy_cobweb":3,"minecraft:stone":226,"biomesoplenty:spider_egg":3,"minecraft:oak_leaves":30},"minecraft:custom":{"minecraft:interact_with_furnace":32,"minecraft:mob_kills":36,"minecraft:animals_bred":3,"minecraft:interact_with_crafting_table":22,"minecraft:damage_dealt_resisted":76,"minecraft:leave_game":1,"minecraft:time_since_death":105460,"minecraft:sleep_in_bed":11,"minecraft:climb_one_cm":194,"minecraft:time_since_rest":1983,"minecraft:sprint_one_cm":431836,"minecraft:damage_taken":2405,"minecraft:walk_one_cm":741209,"minecraft:drop":21,"minecraft:damage_dealt":4878,"minecraft:damage_dealt_absorbed":81,"minecraft:talked_to_villager":12,"minecraft:fly_one_cm":250719,"minecraft:open_chest":22,"minecraft:crouch_one_cm":8637,"minecraft:play_time":199252,"minecraft:deaths":2,"minecraft:sneak_time":1512,"minecraft:walk_under_water_one_cm":8271,"minecraft:jump":2277,"minecraft:interact_with_brewingstand":1,"minecraft:walk_on_water_one_cm":18767,"minecraft:total_world_time":199252,"minecraft:interact_with_smoker":1,"minecraft:fall_one_cm":50310},"minecraft:crafted":{"minecraft:cooked_beef":2,"minecraft:oak_planks":244,"minecraft:cooked_porkchop":5,"minecraft:crafting_table":1,"minecraft:cooked_chicken":2,"minecraft:wooden_pickaxe":1,"minecraft:iron_sword":1,"minecraft:furnace":2,"minecraft:copper_ingot":64,"minecraft:bucket":2,"minecraft:bread":6,"minecraft:cooked_mutton":8,"minecraft:air":0,"minecraft:bow":1,"minecraft:iron_axe":3,"minecraft:stick":48,"minecraft:iron_ingot":67,"minecraft:iron_pickaxe":2,"minecraft:stone_pickaxe":2,"minecraft:chest":3,"minecraft:acacia_planks":36,"minecraft:torch":292,"minecraft:shears":1},"minecraft:used":{"minecraft:cooked_mutton":6,"minecraft:stone_pickaxe":227,"minecraft:oak_planks":250,"minecraft:chest":3,"minecraft:wooden_pickaxe":16,"minecraft:iron_sword":93,"minecraft:cooked_chicken":2,"minecraft:torch":96,"minecraft:crafting_table":2,"minecraft:apple":18,"minecraft:iron_axe":561,"minecraft:bread":13,"minecraft:iron_pickaxe":391,"minecraft:cobblestone":85,"minecraft:furnace":6,"minecraft:oak_sapling":57,"minecraft:cooked_porkchop":4,"alexsmobs:animal_dictionary":1,"minecraft:cooked_beef":2},"minecraft:broken":{"minecraft:stone_pickaxe":2,"minecraft:iron_axe":1,"minecraft:iron_pickaxe":1},"minecraft:killed_by":{"minecraft:zombie":1},"minecraft:killed":{"minecraft:cave_spider":3,"minecraft:pig":4,"minecraft:spider":4,"minecraft:sheep":6,"minecraft:skeleton":5,"minecraft:zombie":8,"minecraft:chicken":2,"alexsmobs:maned_wolf":1,"alexsmobs:gazelle":2,"minecraft:cow":1},"minecraft:picked_up":{"minecraft:stripped_oak_log":1,"minecraft:crafting_table":2,"minecraft:wheat":25,"minecraft:feather":2,"minecraft:chicken":3,"minecraft:andesite":2,"minecraft:leather":2,"minecraft:potato":1,"minecraft:flint":1,"minecraft:oak_log":443,"minecraft:lapis_lazuli":42,"alexsmobs:gazelle_horn":1,"minecraft:dirt":15,"minecraft:string":9,"minecraft:moss_carpet":6,"minecraft:raw_copper":142,"minecraft:bone":4,"minecraft:acacia_planks":1,"minecraft:apple":22,"minecraft:wheat_seeds":1,"minecraft:iron_ingot":1,"minecraft:beef":2,"minecraft:iron_pickaxe":1,"biomesoplenty:wildflower":2,"minecraft:iron_sword":1,"minecraft:oak_planks":250,"minecraft:furnace":4,"minecraft:egg":2,"biomesoplenty:toadstool":2,"minecraft:raw_iron":57,"minecraft:stick":152,"minecraft:torch":15,"minecraft:acacia_log":9,"minecraft:gravel":5,"minecraft:porkchop":6,"minecraft:diorite":13,"minecraft:spruce_log":5,"minecraft:spider_eye":2,"minecraft:arrow":4,"minecraft:rotten_flesh":8,"minecraft:granite":42,"minecraft:grass":1,"minecraft:oak_sapling":204,"minecraft:mutton":8,"minecraft:coal":186,"minecraft:white_wool":6,"minecraft:cobblestone":231}},"DataVersion":3465}