{"stats":{"minecraft:dropped":{"minecraft:iron_ingot":1,"minecraft:iron_sword":1,"minecraft:wheat_seeds":1,"minecraft:leather":2,"minecraft:grass":2,"minecraft:iron_pickaxe":1,"minecraft:bucket":2,"minecraft:acacia_planks":2,"minecraft:bone":1,"biomesoplenty:toadstool":1,"minecraft:moss_carpet":3,"alexsmobs:gazelle_horn":1,"minecraft:rotten_flesh":6,"minecraft:shears":1,"biomesoplenty:wildflower":2,"minecraft:acacia_sapling":1},"minecraft:mined":{"minecraft:cobblestone_stairs":9,"biomesoplenty:desert_grass":6,"minecraft:glow_lichen":2,"minecraft:granite":72,"minecraft:acacia_log":9,"minecraft:grass_block":10,"minecraft:furnace":4,"minecraft:iron_ore":73,"minecraft:andesite":3,"minecraft:moss_carpet":1,"biomesoplenty:hanging_cobweb":1,"biomesoplenty:webbing":4,"minecraft:stripped_oak_log":1,"biomesoplenty:spider_egg":3,"minecraft:stone":669,"minecraft:acacia_leaves":1,"biomesoplenty:wildflower":1,"minecraft:crafting_table":2,"minecraft:torch":7,"minecraft:dead_bush":3,"minecraft:tall_grass":2,"minecraft:copper_ore":39,"minecraft:cobblestone":20,"minecraft:lapis_ore":6,"minecraft:oak_planks":2,"minecraft:diorite":37,"minecraft:wall_torch":6,"minecraft:spruce_log":5,"minecraft:grass":30,"minecraft:oak_log":457,"minecraft:coal_ore":242,"minecraft:gravel":2,"minecraft:dirt":23,"biomesoplenty:stringy_cobweb":3,"minecraft:cobweb":1,"minecraft:oak_leaves":30},"minecraft:custom":{"minecraft:mob_kills":43,"minecraft:animals_bred":3,"minecraft:interact_with_crafting_table":29,"minecraft:bell_ring":2,"minecraft:damage_dealt_resisted":76,"minecraft:leave_game":2,"minecraft:time_since_death":68093,"minecraft:climb_one_cm":194,"minecraft:sprint_one_cm":556425,"minecraft:walk_one_cm":880098,"minecraft:drop":22,"minecraft:damage_dealt_absorbed":81,"minecraft:talked_to_villager":13,"minecraft:play_time":268360,"minecraft:deaths":3,"minecraft:sneak_time":9822,"minecraft:walk_under_water_one_cm":8590,"minecraft:jump":2905,"minecraft:interact_with_brewingstand":2,"minecraft:walk_on_water_one_cm":21200,"minecraft:total_world_time":268360,"minecraft:interact_with_furnace":39,"minecraft:interact_with_cartography_table":1,"minecraft:sleep_in_bed":16,"minecraft:time_since_rest":1864,"minecraft:damage_taken":2765,"minecraft:damage_dealt":5468,"minecraft:fly_one_cm":313931,"minecraft:open_chest":39,"minecraft:crouch_one_cm":16703,"minecraft:interact_with_smoker":1,"minecraft:fall_one_cm":65486},"minecraft:crafted":{"minecraft:oak_planks":244,"minecraft:cooked_chicken":3,"minecraft:furnace":2,"minecraft:cobblestone_stairs":132,"minecraft:cooked_mutton":12,"minecraft:bow":1,"minecraft:iron_axe":3,"minecraft:stone_pickaxe":2,"minecraft:chest":3,"minecraft:cooked_beef":2,"minecraft:cooked_porkchop":9,"minecraft:crafting_table":1,"minecraft:wooden_pickaxe":1,"minecraft:iron_sword":1,"minecraft:copper_ingot":64,"minecraft:bucket":2,"minecraft:bread":6,"minecraft:air":0,"minecraft:stick":48,"minecraft:iron_ingot":67,"minecraft:iron_pickaxe":5,"minecraft:iron_shovel":3,"minecraft:acacia_planks":36,"minecraft:torch":292,"minecraft:shears":1},"minecraft:broken":{"minecraft:stone_pickaxe":2,"minecraft:iron_axe":1,"minecraft:iron_pickaxe":4},"minecraft:used":{"minecraft:iron_shovel":19,"minecraft:chest":3,"minecraft:iron_sword":105,"minecraft:cooked_chicken":2,"minecraft:torch":134,"minecraft:iron_axe":561,"minecraft:oak_sapling":57,"minecraft:furnace":6,"minecraft:cooked_beef":2,"minecraft:cooked_mutton":9,"minecraft:cobblestone_stairs":73,"minecraft:stone_pickaxe":227,"minecraft:oak_planks":250,"minecraft:wooden_pickaxe":16,"minecraft:crafting_table":2,"minecraft:apple":22,"minecraft:bread":13,"minecraft:iron_pickaxe":1018,"minecraft:cobblestone":241,"minecraft:cooked_porkchop":4,"minecraft:bucket":1,"alexsmobs:animal_dictionary":1},"minecraft:killed_by":{"minecraft:zombie":1},"minecraft:killed":{"minecraft:cave_spider":3,"minecraft:spider":4,"minecraft:skeleton":5,"minecraft:chicken":3,"minecraft:pig":7,"minecraft:sheep":9,"minecraft:zombie":8,"alexsmobs:maned_wolf":1,"alexsmobs:gazelle":2,"minecraft:cow":1},"minecraft:picked_up":{"minecraft:crafting_table":2,"minecraft:wheat":25,"minecraft:chicken":4,"minecraft:raw_copper":142,"alexsmobs:gazelle_horn":1,"minecraft:string":9,"minecraft:moss_carpet":6,"minecraft:beef":2,"minecraft:iron_pickaxe":1,"biomesoplenty:wildflower":2,"minecraft:egg":3,"minecraft:furnace":4,"minecraft:stick":152,"minecraft:raw_iron":73,"minecraft:torch":16,"minecraft:acacia_log":9,"minecraft:porkchop":10,"minecraft:diorite":37,"minecraft:arrow":4,"minecraft:rotten_flesh":12,"minecraft:mutton":12,"minecraft:white_wool":8,"minecraft:cobblestone":677,"minecraft:stripped_oak_log":1,"minecraft:feather":2,"minecraft:andesite":2,"minecraft:leather":2,"minecraft:potato":1,"minecraft:flint":1,"minecraft:oak_log":443,"minecraft:cobblestone_stairs":9,"minecraft:lapis_lazuli":42,"minecraft:dirt":35,"minecraft:bone":4,"minecraft:acacia_planks":1,"minecraft:apple":22,"minecraft:wheat_seeds":1,"minecraft:iron_ingot":1,"minecraft:oak_planks":250,"minecraft:iron_sword":1,"biomesoplenty:toadstool":2,"minecraft:gravel":5,"minecraft:spruce_log":5,"minecraft:spider_eye":2,"minecraft:granite":72,"minecraft:grass":1,"minecraft:oak_sapling":204,"minecraft:black_wool":1,"minecraft:coal":275}},"DataVersion":3465}